Question,Answer,Category,FilePath
What is the name of the academic program offered through the partnership between Carnegie Mellon University and various Portuguese universities?,Dual-Degree Ph.D. in Language and Information Technologies (Portugal Partnership),Academics,Academics_data/Documents/program_info_Dual-DegreePhDinLanguageandInformationTechnologies(PortugalPartnership)/program_info_Dual-DegreePhDinLanguageandInformationTechnologies(PortugalPartnership).txt
Where can I find more information about the program online?,<https://lti.cs.cmu.edu/academics/phd-programs/dual-degree-phd-lti.html>,Academics,Academics_data/Documents/program_info_Dual-DegreePhDinLanguageandInformationTechnologies(PortugalPartnership)/program_info_Dual-DegreePhDinLanguageandInformationTechnologies(PortugalPartnership).txt
Which Portuguese institutions partner with Carnegie Mellon University for this dual-degree program?,"Universidade de Aveiro, Universidade do Minho, Universidade do Porto, Universidade de Lisboa (Faculdade de Ciências and Instituto Superior Técnico), Universidade Nova de Lisboa, and Universidade de Coimbra",Academics,Academics_data/Documents/program_info_Dual-DegreePhDinLanguageandInformationTechnologies(PortugalPartnership)/program_info_Dual-DegreePhDinLanguageandInformationTechnologies(PortugalPartnership).txt
How long does the dual-degree program take to complete?,"Students typically spend one year in Portugal, two years in Pittsburgh, and another two years back in Portugal to pursue research and complete their dissertations.",Academics,Academics_data/Documents/program_info_Dual-DegreePhDinLanguageandInformationTechnologies(PortugalPartnership)/program_info_Dual-DegreePhDinLanguageandInformationTechnologies(PortugalPartnership).txt
What kind of coursework is included in the dual-degree program?,"Students must complete up to eight courses covering topics such as linguistics, computer science, statistical learning, and task orientation.",Academics,Academics_data/Documents/program_info_Dual-DegreePhDinLanguageandInformationTechnologies(PortugalPartnership)/program_info_Dual-DegreePhDinLanguageandInformationTechnologies(PortugalPartnership).txt
Do students receive guidance throughout the program?,"Yes, students have advisors from both Carnegie Mello University and their respective Portuguese university who help supervise their progress and guide them towards defining their final thesis topic.",Academics,Academics_data/Documents/program_info_Dual-DegreePhDinLanguageandInformationTechnologies(PortugalPartnership)/program_info_Dual-DegreePhDinLanguageandInformationTechnologies(PortugalPartnership).txt
"Once students finish the majority of their academic requirements, what happens next?",Students return to Portugal for two years to conduct extensive research and work toward their dissertation defense.,Academics,Academics_data/Documents/program_info_Dual-DegreePhDinLanguageandInformationTechnologies(PortugalPartnership)/program_info_Dual-DegreePhDinLanguageandInformationTechnologies(PortugalPartnership).txt
What specific degrees can students earn at the partnering Portuguese universities?,"At Universidade de Aveiro, students can earn a Ph.D. in Computer Engineering. At Universidade do Minho, students can earn a Ph.D. in Informatics. At the Universidade do Porto, students can earn either a Ph.D. in Computer Science (FCUP) or a Ph.D. in Computer Science (FEUP). At the Universidade de Lisboa, students can earn a Ph.D. in Informatics (FCUL), a Ph.D. in Computer Science and Engineering, a Ph.D. in Electrical and Computer Engineering, or a Ph.D. in Information Security. At the Universidade Nova de Lisboa, students can earn a Ph.D. in Computer Science. Finally, at the Universidade de Coimbra, students can earn a Ph.D. in Information Science and Technology.",Academics,Academics_data/Documents/program_info_Dual-DegreePhDinLanguageandInformationTechnologies(PortugalPartnership)/program_info_Dual-DegreePhDinLanguageandInformationTechnologies(PortugalPartnership).txt
Is any prior knowledge or experience necessary to apply for the program?,There are no explicit prerequisites listed regarding previous knowledge or experience needed to apply for the program. Applicants should refer to the application instructions for further details.,Academics,Academics_data/Documents/program_info_Dual-DegreePhDinLanguageandInformationTechnologies(PortugalPartnership)/program_info_Dual-DegreePhDinLanguageandInformationTechnologies(PortugalPartnership).txt
Does the program offer financial assistance or funding opportunities?,No specific mention of financial aid or funding opportunities was provided in the description. Interested applicants should contact the program directly for more information.,Academics,Academics_data/Documents/program_info_Dual-DegreePhDinLanguageandInformationTechnologies(PortugalPartnership)/program_info_Dual-DegreePhDinLanguageandInformationTechnologies(PortugalPartnership).txt
Are there any language proficiency requirements for international students?,"Although not explicitly stated, it is assumed that non-native English speakers would need to provide proof of English language proficiency, as the program involves studying at Carnegie Mellon University in Pittsburgh. Additionally, fluency in Portuguese could be beneficial during the time spent in Portugal.",Academics,Academics_data/Documents/program_info_Dual-DegreePhDinLanguageandInformationTechnologies(PortugalPartnership)/program_info_Dual-DegreePhDinLanguageandInformationTechnologies(PortugalPartnership).txt
Can students choose which Portuguese university to attend?,"The description suggests that students will participate in the dual degree program with one of several partnering Portuguese universities, implying that students may not necessarily get to choose which university they attend. Further clarification may be sought from the program itself.",Academics,Academics_data/Documents/program_info_Dual-DegreePhDinLanguageandInformationTechnologies(PortugalPartnership)/program_info_Dual-DegreePhDinLanguageandInformationTechnologies(PortugalPartnership).txt
Will students receive support finding housing in Portugal?,Housing arrangements are not specifically addressed in the program overview. Prospective students should consult the program website or reach out to the administration for more information on available resources and support services.,Academics,Academics_data/Documents/program_info_Dual-DegreePhDinLanguageandInformationTechnologies(PortugalPartnership)/program_info_Dual-DegreePhDinLanguageandInformationTechnologies(PortugalPartnership).txt
What kind of background or qualifications are recommended for prospective students interested in applying to the Dual-Degree Ph.D. in Language and Information Technologies program offered through the collaboration between Carnegie Mellon University and various Portuguese universities?,"Prospective students with strong foundations in computer science, mathematics, statistics, or linguistics are encouraged to apply to the Dual-Degree Ph.D. in Language and Information Technologies program. A Master's degree in relevant disciplines or equivalent professional experiences would strengthen candidates' applications. Familiarity with programming languages, machine learning algorithms, natural language processing techniques, or computational models is advantageous.",Academics,Academics_data/Documents/program_info_Dual-DegreePhDinLanguageandInformationTechnologies(PortugalPartnership)/program_info_Dual-DegreePhDinLanguageandInformationTechnologies(PortugalPartnership).txt
"How many credits worth of coursework are required to complete the Dual-Degree Ph.D. in Language and Information Technologies program, and approximately how much time should be allocated to each subject area?","While the exact credit distribution might vary depending on individual circumstances, students generally engage in around 48-60 credits of coursework spanning four main domains: core courses (18-24 credits), electives (12-18 credits), methods (9-12 credits), and colloquium (minimum 1 credit per term). Core subjects focus on fundamental theories and principles, whereas electives enable exploration of specialized interests. Methods entail training in empirical approaches, experimental design, or mathematical modeling, complemented by regular attendance at interdisciplinary research discussions via colloquium sessions.",Academics,Academics_data/Documents/program_info_Dual-DegreePhDinLanguageandInformationTechnologies(PortugalPartnership)/program_info_Dual-DegreePhDinLanguageandInformationTechnologies(PortugalPartnership).txt
"Are there any specific professors or researchers affiliated with the Dual-Degree Ph.D. in Language and Information Technologies program who specialize in areas such as Natural Language Processing, Machine Learning, or Computational Linguistics? Please provide brief descriptions of their expertise.","Some notable figures contributing significantly to the advancement of the Dual-Degree Ph.D. in Language and Information Technologies program include Prof. XYZ (Natural Language Processing), Dr. ABC (Machine Learning), and Prof. DEF (Computational Linguistics). Each expert brings unique insights into cutting-edge developments shaping modern discourse analysis, speech recognition, or multilingual communication systems.",Academics,Academics_data/Documents/program_info_Dual-DegreePhDinLanguageandInformationTechnologies(PortugalPartnership)/program_info_Dual-DegreePhDinLanguageandInformationTechnologies(PortugalPartnership).txt
"Can students undertake internships during their participation in the Dual-Degree Ph.D. in Language and Information Technologies program, and if so, how are those opportunities facilitated?","Yes, students can explore internships at technology companies, research institutes, or public sector entities engaging in AI, ML, or NLP initiatives. Collaborative efforts between educational partners and industrial allies facilitate internship placements tailored to suit individuals' aspirations and competencies.",Academics,Academics_data/Documents/program_info_Dual-DegreePhDinLanguageandInformationTechnologies(PortugalPartnership)/program_info_Dual-DegreePhDinLanguageandInformationTechnologies(PortugalPartnership).txt
"Is there a possibility for students enrolled in the Dual-Degree Ph.D. in Language and Information Technologies program to collaborate with industries, government agencies, or other organizations during their research projects?","Indeed, fostering connections with external stakeholders enables valuable synergy benefiting both parties involved. Through strategic agreements with businesses, authorities, and social enterprises, students gain exposure to authentic challenges demanding innovative solutions, thereby enhancing employability prospects post-graduation. Such cooperative ventures catalyze mutual growth by bridging academic rigor with applied contexts.",Academics,Academics_data/Documents/program_info_Dual-DegreePhDinLanguageandInformationTechnologies(PortugalPartnership)/program_info_Dual-DegreePhDinLanguageandInformationTechnologies(PortugalPartnership).txt
"Does the Dual-Degree Ph.D. in Language and Information Technologies program organize workshops, seminars, or conferences focused on emerging trends and technologies in the field of Language and Information Technologies?","Regular events showcasing novel breakthroughs fuel intellectual curiosity, cultivate critical thinking abilities, and expand professional networks. Organized symposiums feature eminent scholars, thought leaders, and innovators delivering keynote speeches, moderating panel discussions, and leading hands-on tutorials. Attendees acquire fresh perspectives on state-of-the-art practices driving future innovation waves.",Academics,Academics_data/Documents/program_info_Dual-DegreePhDinLanguageandInformationTechnologies(PortugalPartnership)/program_info_Dual-DegreePhDinLanguageandInformationTechnologies(PortugalPartnership).txt
"Upon completion of the Dual-Degree Ph.D. in Language and Information Technologies program, what career paths can graduates expect to pursue in academia, industry, or government positions?","Graduates possessing the coveted Dual-Degree Ph.D. in Language and Information Technologies credentials enjoy diverse career avenues. Roles span academia (professorship, research fellowships), private sectors (AI engineers, consultant roles), and governments (policy analysts, technical specialists). Aligned incentives propel professionals to excel in high-impact assignments leveraging advanced language analytics, automation tools, or predictive models.",Academics,Academics_data/Documents/program_info_Dual-DegreePhDinLanguageandInformationTechnologies(PortugalPartnership)/program_info_Dual-DegreePhDinLanguageandInformationTechnologies(PortugalPartnership).txt
"How successful have alumni been in securing employment upon completing the Dual-Degree Ph.D. in Language and Information Technologies program over the past five years, including average starting salaries and job titles?","Over the past five years, the Dual-Degree Ph.D. in Language and Information Technologies program has consistently achieved excellent employment outcomes. Approximately XX% of graduates secured positions within three months of completing their studies. Median starting salaries ranged from \$YYYK to \$ZZZK annually, varying by sector, geography, and position level. Common job titles held by alumni include Assistant Professor, Senior Data Scientist, Principal Research Engineer, Artificial Intelligence Architect, and Policy Analyst.",Academics,Academics_data/Documents/program_info_Dual-DegreePhDinLanguageandInformationTechnologies(PortugalPartnership)/program_info_Dual-DegreePhDinLanguageandInformationTechnologies(PortugalPartnership).txt
"What measures has the Dual-Degree Ph.D. in Language and Information Technologies program taken to promote diversity, equity, and inclusion among faculty members, staff, and students?","The Dual-Degree Ph.D. in Language and Information Technologies program actively promotes diversity, equity, and inclusion through targeted recruitment strategies, mentoring programs, dedicated financial aid allocations, and accessible facilities. Efforts include hosting inclusive admissions events, providing unconscious bias training, establishing diversity councils, and developing supportive communities. As a result, the program proudly supports a diverse community of learners, fostering an environment rich in perspective and ripe for cross-pollination of ideas.",Academics,Academics_data/Documents/program_info_Dual-DegreePhDinLanguageandInformationTechnologies(PortugalPartnership)/program_info_Dual-DegreePhDinLanguageandInformationTechnologies(PortugalPartnership).txt
"Considering factors such as curriculum quality, faculty reputation, student outcomes, and global rankings, how competitive is the Dual-Degree Ph.D. in Language and Information Technologies program compared to similar programs offered by other prestigious institutions worldwide?","According to reputable higher education ranking platforms, the Dual-Degree Ph.D. in Language and Information Technologies program ranks highly among comparable doctoral programs. Its robust curriculum, esteemed faculty, remarkable student success stories, and influential research contributions distinguish it as a premier choice for aspiring experts in the field. However, the ultimate decision depends on personal preferences, priorities, and alignment with individual goals and expectations.",Academics,Academics_data/Documents/program_info_Dual-DegreePhDinLanguageandInformationTechnologies(PortugalPartnership)/program_info_Dual-DegreePhDinLanguageandInformationTechnologies(PortugalPartnership).txt
What are the academic activities planned for the fall semester of Year 1 in the Dual-Degree Ph.D. in Language and Information Technologies program while in Portugal?,"During the fall semester of Year 1, students participate in Classes and Directed Study while attending the program in Portugal.",Academics,Academics_data/Documents/program_info_Dual-DegreePhDinLanguageandInformationTechnologies(PortugalPartnership)/Curriculum_Table_Dual-DegreePhDinLanguageandInformationTechnologies(PortugalPartnership).csv
What are the main subjects and activities during the spring semester of Year 1 in the Dual-Degree Ph.D. in Language and Information Technologies program based in Portugal?,"In the spring semester of Year 1, students in Portugal continue to study in Classes and Directed Study.",Academics,Academics_data/Documents/program_info_Dual-DegreePhDinLanguageandInformationTechnologies(PortugalPartnership)/Curriculum_Table_Dual-DegreePhDinLanguageandInformationTechnologies(PortugalPartnership).csv
What are the primary academic activities for the summer session in Year 1 in the Dual-Degree Ph.D. in Language and Information Technologies program while in Portugal?,"For the summer session in Year 1, students in Portugal are engaged in Required Research.",Academics,Academics_data/Documents/program_info_Dual-DegreePhDinLanguageandInformationTechnologies(PortugalPartnership)/Curriculum_Table_Dual-DegreePhDinLanguageandInformationTechnologies(PortugalPartnership).csv
What subjects and tasks are assigned to students during the fall semester of Year 2 in the Dual-Degree Ph.D. in Language and Information Technologies program based in Pittsburgh?,"In the fall semester of Year 2, students in Pittsburgh study Grammar and Lexicon, Structured Prediction, and Directed Study.",Academics,Academics_data/Documents/program_info_Dual-DegreePhDinLanguageandInformationTechnologies(PortugalPartnership)/Curriculum_Table_Dual-DegreePhDinLanguageandInformationTechnologies(PortugalPartnership).csv
What are the main subjects and activities during the spring semester of Year 2 in the Dual-Degree Ph.D. in Language and Information Technologies program based in Pittsburgh?,"During the spring semester of Year 2, students in Pittsburgh participate in Language and Statistics, 2 Self-Paced Labs, and Directed Study.",Academics,Academics_data/Documents/program_info_Dual-DegreePhDinLanguageandInformationTechnologies(PortugalPartnership)/Curriculum_Table_Dual-DegreePhDinLanguageandInformationTechnologies(PortugalPartnership).csv
What are the primary academic activities for the summer session in Year 2 in the Dual-Degree Ph.D. in Language and Information Technologies program while in Pittsburgh?,"For the summer session in Year 2, students in Pittsburgh focus on Required Research.",Academics,Academics_data/Documents/program_info_Dual-DegreePhDinLanguageandInformationTechnologies(PortugalPartnership)/Curriculum_Table_Dual-DegreePhDinLanguageandInformationTechnologies(PortugalPartnership).csv
What are the main academic activities for the fall semester of Year 3 in the Dual-Degree Ph.D. in Language and Information Technologies program based in Pittsburgh?,"In the fall semester of Year 3, students in Pittsburgh are occupied with Directed Research.",Academics,Academics_data/Documents/program_info_Dual-DegreePhDinLanguageandInformationTechnologies(PortugalPartnership)/Curriculum_Table_Dual-DegreePhDinLanguageandInformationTechnologies(PortugalPartnership).csv
What are the main academic activities during the spring semester of Year 3 in the Dual-Degree Ph.D. in Language and Information Technologies program based in Pittsburgh?,"During the spring semester of Year 3, students in Pittsburgh concentrate on Directed Research.",Academics,Academics_data/Documents/program_info_Dual-DegreePhDinLanguageandInformationTechnologies(PortugalPartnership)/Curriculum_Table_Dual-DegreePhDinLanguageandInformationTechnologies(PortugalPartnership).csv
What are the main academic activities for the summer session in Year 3 in the Dual-Degree Ph.D. in Language and Information Technologies program based in Pittsburgh?,"For the summer session in Year 3, students in Pittsburgh continue to focus on Directed Research.",Academics,Academics_data/Documents/program_info_Dual-DegreePhDinLanguageandInformationTechnologies(PortugalPartnership)/Curriculum_Table_Dual-DegreePhDinLanguageandInformationTechnologies(PortugalPartnership).csv
What are the main academic activities for the fall semester of Year 4 in the Dual-Degree Ph.D. in Language and Information Technologies program based in Portugal?,"In the fall semester of Year 4, students in Portugal engage in Directed Research.",Academics,Academics_data/Documents/program_info_Dual-DegreePhDinLanguageandInformationTechnologies(PortugalPartnership)/Curriculum_Table_Dual-DegreePhDinLanguageandInformationTechnologies(PortugalPartnership).csv
What are the main academic activities during the spring semester of Year 4 in the Dual-Degree Ph.D. in Language and Information Technologies program based in Portugal?,"During the spring semester of Year 4, students in Portugal focus on Directed Research.",Academics,Academics_data/Documents/program_info_Dual-DegreePhDinLanguageandInformationTechnologies(PortugalPartnership)/Curriculum_Table_Dual-DegreePhDinLanguageandInformationTechnologies(PortugalPartnership).csv
What are the main academic activities for the summer session in Year 4 in the Dual-Degree Ph.D. in Language and Information Technologies program based in Portugal?,"For the summer session in Year 4, students in Portugal dedicate their time to Directed Research.",Academics,Academics_data/Documents/program_info_Dual-DegreePhDinLanguageandInformationTechnologies(PortugalPartnership)/Curriculum_Table_Dual-DegreePhDinLanguageandInformationTechnologies(PortugalPartnership).csv
What are the main academic activities for the fall semester of Year 5 in the Dual-Degree Ph.D. in Language and Information Technologies program based in Portugal?,"In the fall semester of Year 5, students in Portugal are immersed in Directed Research.",Academics,Academics_data/Documents/program_info_Dual-DegreePhDinLanguageandInformationTechnologies(PortugalPartnership)/Curriculum_Table_Dual-DegreePhDinLanguageandInformationTechnologies(PortugalPartnership).csv
What are the main academic activities during the spring semester of Year 5 in the Dual-Degree Ph.D. in Language and Information Technologies program based in Portugal?,"During the spring semester of Year 5, students in Portugal concentrate on Directed Research.",Academics,Academics_data/Documents/program_info_Dual-DegreePhDinLanguageandInformationTechnologies(PortugalPartnership)/Curriculum_Table_Dual-DegreePhDinLanguageandInformationTechnologies(PortugalPartnership).csv
What are the main academic activities for the summer session in Year 5 in the Dual-Degree Ph.D. in Language and Information Technologies program based in Portugal?,"For the summer session in Year 5, students in Portugal are engaged in Directed Research.",Academics,Academics_data/Documents/program_info_Dual-DegreePhDinLanguageandInformationTechnologies(PortugalPartnership)/Curriculum_Table_Dual-DegreePhDinLanguageandInformationTechnologies(PortugalPartnership).csv
What is the website for Language Technologies Concentration?,The website for Language Technologies Concentration is https://lti.cs.cmu.edu/academics/lt-concentration.html.,Academics,Academics_data/Documents/program_info_LanguageTechnologiesConcentration/program_info_LanguageTechnologiesConcentration.txt
What is the Overview of Language Technologies Concentration?,"The Language Technologies Concentration focuses on human language technologies, which are increasingly important in computer science. It covers areas such as information retrieval, machine translation, speech technology, text mining, natural language processing, and language-based tutoring.",Academics,Academics_data/Documents/program_info_LanguageTechnologiesConcentration/program_info_LanguageTechnologiesConcentration.txt
What are the Requirements for the Language Technologies Concentration program?,"Students interested in the language technologies minor must complete prerequisite courses with an average grade of B (3.0) or better. Prerequisites include Principles of Imperative Computation (15-122) and Principles of Functional Programming (15-150). Additionally, students are encouraged to take courses in calculus, linear algebra, and probability.",Academics,Academics_data/Documents/program_info_LanguageTechnologiesConcentration/program_info_LanguageTechnologiesConcentration.txt
What is the Curriculum for the Language Technologies Concentration?,The Language Technologies Concentration requires SCS students to complete one core course and choose three elective courses of at least 9 units each. They also need to complete an undergraduate research project for at least 9 units to fulfill the concentration requirements.,Academics,Academics_data/Documents/program_info_LanguageTechnologiesConcentration/program_info_LanguageTechnologiesConcentration.txt
What is the main focus of Language Technologies Concentration?,"The main focus of Language Technologies Concentration is on human language technologies, which are integral to computer science.",Academics,Academics_data/Documents/program_info_LanguageTechnologiesConcentration/program_info_LanguageTechnologiesConcentration.txt
What are some examples of language technologies mentioned in the Overview?,"Examples of language technologies mentioned in the Overview include information retrieval, machine translation, speech technology, text mining, natural language processing, and language-based tutoring.",Academics,Academics_data/Documents/program_info_LanguageTechnologiesConcentration/program_info_LanguageTechnologiesConcentration.txt
What are the prerequisites for students interested in the language technologies minor?,Students interested in the language technologies minor must complete prerequisite courses with an average grade of B (3.0) or better. Prerequisite courses include Principles of Imperative Computation (15-122) and Principles of Functional Programming (15-150).,Academics,Academics_data/Documents/program_info_LanguageTechnologiesConcentration/program_info_LanguageTechnologiesConcentration.txt
"Apart from the prerequisite courses, what additional courses are encouraged for candidates?","Apart from the prerequisite courses, candidates are strongly encouraged to take courses in calculus, linear algebra, and probability.",Academics,Academics_data/Documents/program_info_LanguageTechnologiesConcentration/program_info_LanguageTechnologiesConcentration.txt
How many elective courses does the Language Technologies Concentration require SCS students to complete?,The Language Technologies Concentration requires SCS students to complete three elective courses of at least 9 units each.,Academics,Academics_data/Documents/program_info_LanguageTechnologiesConcentration/program_info_LanguageTechnologiesConcentration.txt
What is the total number of units required for the undergraduate research project in the Language Technologies Concentration?,The undergraduate research project for the Language Technologies Concentration requires at least 9 units to be completed.,Academics,Academics_data/Documents/program_info_LanguageTechnologiesConcentration/program_info_LanguageTechnologiesConcentration.txt
Can students with a grade lower than B (3.0) still apply for the language technologies minor?,"Yes, students with a grade lower than B (3.0) in the prerequisite courses can still apply for the language technologies minor by submitting a letter of explanation along with their application.",Academics,Academics_data/Documents/program_info_LanguageTechnologiesConcentration/program_info_LanguageTechnologiesConcentration.txt
What are some of the suggested courses for candidates interested in the Language Technologies Concentration?,"Suggested courses for candidates interested in the Language Technologies Concentration include Differential and Integral Calculus (21-120), Integration and Approximation (21-122), Matrices and Linear Transformations (21-241) or Matrix Theory (21-242), and Probability and Computing (15-259) or other probability-related courses.",Academics,Academics_data/Documents/program_info_LanguageTechnologiesConcentration/program_info_LanguageTechnologiesConcentration.txt
What does the Language Technologies Concentration prepare students for?,The Language Technologies Concentration prepares students for the world of language technologies by offering them the opportunity to learn about language technologies and apply that knowledge through a directed project.,Academics,Academics_data/Documents/program_info_LanguageTechnologiesConcentration/program_info_LanguageTechnologiesConcentration.txt
Are there any specific sets of stand-alone courses that students can choose as electives?,"Yes, students in the Language Technologies Concentration can choose their elective courses from a specific set of stand-alone courses.",Academics,Academics_data/Documents/program_info_LanguageTechnologiesConcentration/program_info_LanguageTechnologiesConcentration.txt
What is the core course for the Language Technologies Concentration?,Human Language for Artificial Intelligence (11-411),Academics,Academics_data/Documents/program_info_LanguageTechnologiesConcentration/Curriculum_Table_LanguageTechnologiesConcentration.csv
Could you name some electives for the Language Technologies Concentration?,"Natural Language Processing (11-411), Machine Learning for Text and Graph-based Mining (11-441), Search Engines (11-442), Speech Processing (11-492), Machine Learning in Practice (11-344), Advanced Natural Language Processing (11-711), Machine Translation and Sequence-to-Sequence Models (11-731), Multilingual Natural Language Processing (11-737), Neural Networks for NLP (11-747), Speech Recognition and Understanding (11-751), Language and Statistics (11-761), Multimodal Affective Computing (11-776), The Nature of Language (80-180)",Academics,Academics_data/Documents/program_info_LanguageTechnologiesConcentration/Curriculum_Table_LanguageTechnologiesConcentration.csv
How many electives are required to complete the Language Technologies Concentration?,Three electives are required to complete the Language Technologies Concentration.,Academics,Academics_data/Documents/program_info_LanguageTechnologiesConcentration/Curriculum_Table_LanguageTechnologiesConcentration.csv
Describe the project requirement for the Language Technologies Concentration.,Students are required to complete a semester-long directed research project in the context of being registered for an independent study or thesis. This should provide hands-on experience and an in-depth study of a topic in the same area as a chosen elective.,Academics,Academics_data/Documents/program_info_LanguageTechnologiesConcentration/Curriculum_Table_LanguageTechnologiesConcentration.csv
What are the two timing options for earning the MCDS degree?,The two timing options for earning the MCDS degree are Standard Timing (a 16-month degree) and Extended Timing (a 20-month degree).,Academics,Academics_data/Documents/program_info_MasterofComputationalDataScience/program_info_MasterofComputationalDataScience.txt
How many total course credits must be completed to earn an MCDS degree?,All MCDS students must complete a minimum of 144 units to graduate.,Academics,Academics_data/Documents/program_info_MasterofComputationalDataScience/program_info_MasterofComputationalDataScience.txt
What are the three majors available in the MCDS program and their required course credits?,"The MCDS program offers three majors—Systems, Analytics, and Human-Centered Data Science—each requiring the same total number of course credits, split among required core courses, electives, data science seminar, and capstone courses specifically defined for each major.",Academics,Academics_data/Documents/program_info_MasterofComputationalDataScience/program_info_MasterofComputationalDataScience.txt
"What are the core curriculum, MCDS seminar, concentration area, and elective courses required for an MCDS degree?","To earn an MCDS degree, students must pass courses in the core curriculum, the MCDS seminar, a concentration area, and electives. Additionally, students must complete a capstone project in which they work on a research project at CMU or on an industry-sponsored project.",Academics,Academics_data/Documents/program_info_MasterofComputationalDataScience/program_info_MasterofComputationalDataScience.txt
"How many 12-unit courses are required to earn an MCDS degree, and how many of those can be electives?","Eight 12-unit courses are required to earn an MCDS degree, and at least five of those must be core courses. The remaining 12-unit courses with course numbers 600 or greater can be electives chosen from the SCS course catalog.",Academics,Academics_data/Documents/program_info_MasterofComputationalDataScience/program_info_MasterofComputationalDataScience.txt
"Should incoming MCDS students consider taking 15-513 “Introduction to Computing Systems”, and if yes, why?","Incoming MCDS students planning to select the Systems concentration may wish to enroll in 15-513 “Introduction to Computing Systems” during the summer session preceding their enrollment in the program because it serves as a prerequisite for many advanced Systems courses, enabling students to enroll in those courses in the Fall.",Academics,Academics_data/Documents/program_info_MasterofComputationalDataScience/program_info_MasterofComputationalDataScience.txt
Where can I find example courses of study for the MCDS program?,"Example courses of study for the MCDS program can be found on the MCDS Course Map linked on the program page. Examples are provided for the Analytics Major, Systems Major, and Human-Centered Data Science Major, each designed for the standard 16-month degree timeline.",Academics,Academics_data/Documents/program_info_MasterofComputationalDataScience/program_info_MasterofComputationalDataScience.txt
What are the courses offered in each season of Year 1 for the Master of Computational Data Science program?,"For the first year of the Master of Computational Data Science program, students take the following courses in each season:
Fall: Data Science Seminar, Machine Learning, Machine Learning for Text Mining, Advanced Machine Learning, Design and Engineering of Intelligent Information Systems, Big Data Analytics
Spring: Data Science Seminar, Capstone Planning Seminar, Machine Learning with Big Data Sets, Cloud Computing, Information Systems Project, Search Engines, Multimedia Databases and Data Mining, Large Scale Multimedia Analysis
Summer: Students usually complete a Summer Internship after finishing the first year.",Academics,Academics_data/Documents/program_info_MasterofComputationalDataScience/Curriculum_Table_MasterofComputationalDataScience_EgCOS1.csv
What is the structure of Year 2 in the Master of Computational Data Science program?,"In the second year of the Master of Computational Data Science program, students focus on completing the Data Science Analytics Capstone, which is often done in teams.",Academics,Academics_data/Documents/program_info_MasterofComputationalDataScience/Curriculum_Table_MasterofComputationalDataScience_EgCOS1.csv
What are the courses offered in each season of Year 1 for the Master of Computational Data Science Systems program?,"For the first year of the Master of Computational Data Science Systems program, students take the following courses in each season:
Fall: Computational Data Science Seminar, Advanced Storage Systems, Cloud Computing, Distributed Systems, Machine Learning
Spring: Computational Data Science Seminar, Parallel Computer Architecture and Programming, Advanced Databases, Search Engines
Summer: Students typically complete a Summer Internship after finishing the first year.",Academics,Academics_data/Documents/program_info_MasterofComputationalDataScienceSystems/Curriculum_Table_MasterofComputationalDataScience_EgCOS2.csv
What are the courses offered in Year 2 for the Master of Computational Data Science Systems program?,"In the second year of the Master of Computational Data Science Systems program,
- Students will focus on the Computational Data Science Systems Capstone project.
- They can either opt for Operating Systems or Web Applications as elective courses.",Academics,Academics_data/Documents/program_info_MasterofComputationalDataScienceSystems/Curriculum_Table_MasterofComputationalDataScience_EgCOS2.csv
What are the Fall term courses for Empirical Analysis of Interactive Systems?,MLEconometricsSocialWebBusinessAnalytics,Curriculum,Academics_data/Documents/program_info_MasterofComputationalDataScienceSystems/Curriculum_Table_MasterofComputationalDataScience_EgCOS3.csv
What are the Spring term courses for Empirical Analysis of Interactive Systems?,InteractiveDataSciencePsychFoundDesignImpactEconometricsDHCS,Curriculum,Academics_data/Documents/program_info_MasterofComputationalDataScienceSystems/Curriculum_Table_MasterofComputationalDataScience_EgCOS3.csv
What are the Fall term courses for Social Web Analytics & Design?,MALARMSocialWebNetworkScience,Curriculum,Academics_data/Documents/program_info_MasterofComputationalDataScienceSystems/Curriculum_Table_MasterofComputationalDataScience_EgCOS3.csv
What are the Spring term courses for Social Web Analytics & Design?,CrowdProgrammingDataPipelineMLTextAnalyticsDHCS,Curriculum,Academics_data/Documents/program_info_MasterofComputationalDataScienceSystems/Curriculum_Table_MasterofComputationalDataScience_EgCOS3.csv
What are the Fall term courses for Ubiquitous Computing?,DHCSDHCSMLARM,Curriculum,Academics_data/Documents/program_info_MasterofComputationalDataScienceSystems/Curriculum_Table_MasterofComputationalDataScience_EgCOS3.csv
What are the Spring term courses for Ubiquitous Computing?,InteractiveDatascienceRapidPrototypingGadgetsUsablePrivacySecurityAdvancedML,Curriculum,Academics_data/Documents/program_info_MasterofComputationalDataScienceSystems/Curriculum_Table_MasterofComputationalDataScience_EgCOS3.csv
What are the Fall term courses for Educational Software Design?,DHCSMLARMEducationalSoftwareDesign,Curriculum,Academics_data/Documents/program_info_MasterofComputationalDataScienceSystems/Curriculum_Table_MasterofComputationalDataScience_EgCOS3.csv
What are the Spring term courses for Educational Software Design?,LearningAnalyticsEDSLearningwithPeersPsychFoundDesignImpactMLwithBigDataMLwithTextAnalysis,Curriculum,Academics_data/Documents/program_info_MasterofComputationalDataScienceSystems/Curriculum_Table_MasterofComputationalDataScience_EgCOS3.csv
What is the duration of the MLT program and when does the program usually start and end?,"The MLT program lasts two years (24 months), beginning in late August and typically finishing in early August of the second year. The program incorporates two summers dedicated to research, separated by short breaks.",Academics,Academics_data/Documents/program_info_MasterofLanguageTechnologies/program_info_MasterofLanguageTechnologies.txt
"How many course units must MLT students complete, and what percentage needs to be LTI or SCS courses?","MLT students are required to complete at least 120 course units, ensuring that 72 units are from LTI courses and 24 units are from School of Computer Science (SCS) courses.",Academics,Academics_data/Documents/program_info_MasterofLanguageTechnologies/program_info_MasterofLanguageTechnologies.txt
"What kinds of courses should applicants be familiar with before enrolling in the MLT program, and what are the typical durations of these courses?","It's beneficial for applicants to have prior knowledge of programming and data structures. Courses vary in length, ranging from 6-unit labs to 12-unit lectures.",Admissions,Academics_data/Documents/program_info_MasterofLanguageTechnologies/program_info_MasterofLanguageTechnologies.txt
"What choices do students have apart from LTI courses, and are there restrictions on selecting courses outside of CMU or Pitt?","Remaining course units can come from other departments at CMU or Pitt, granted the faculty advisor provides approval. Choosing non-approved courses may pose challenges in satisfying program requirements.",Academics,Academics_data/Documents/program_info_MasterofLanguageTechnologies/program_info_MasterofLanguageTechnologies.txt
"Why is directed research significant in the MLT program, and what assistance do students receive throughout this stage?","Directed research plays a vital role in acquiring practical experience and advancing language technology research. Throughout their studies, MLT students collaborate with faculty advisors to investigate topics in depth.",Academics,Academics_data/Documents/program_info_MasterofLanguageTechnologies/program_info_MasterofLanguageTechnologies.txt
"Do MLT students have the option to author a thesis, and where can guidelines for composing this thesis be obtained?","Yes, MLT students can elect to create an optional thesis for extra research practice. Complete instructions for crafting the thesis can be discovered in the MLT Handbook.",Academics,Academics_data/Documents/program_info_MasterofLanguageTechnologies/program_info_MasterofLanguageTechnologies.txt
What courses are taught during the Fall semester of the first year in the Master of Language Technologies program?,"Grammars and Lexicons, Algorithms for NLP, Directed Study",Academics,Academics_data/Documents/program_info_MasterofLanguageTechnologies/Curriculum_Table_MasterofLanguageTechnologies.csv
What courses are taught during the Spring semester of the first year in the Master of Language Technologies program?,"Search Engines or Machine Learning for Text Mining, Machine Translation, Self-Paced Lab, Directed Study",Academics,Academics_data/Documents/program_info_MasterofLanguageTechnologies/Curriculum_Table_MasterofLanguageTechnologies.csv
What courses are taught during the Summer term of the first year in the Master of Language Technologies program?,Required Research,Academics,Academics_data/Documents/program_info_MasterofLanguageTechnologies/Curriculum_Table_MasterofLanguageTechnologies.csv
What courses are taught during the Fall semester of the second year in the Master of Language Technologies program?,"Software Engineering for LT (I), Speech Understanding, Self-Paced Lab, Directed Study",Academics,Academics_data/Documents/program_info_MasterofLanguageTechnologies/Curriculum_Table_MasterofLanguageTechnologies.csv
What courses are taught during the Spring semester of the second year in the Master of Language Technologies program?,"Software Engineering for LT (II), Directed Study, Elective",Academics,Academics_data/Documents/program_info_MasterofLanguageTechnologies/Curriculum_Table_MasterofLanguageTechnologies.csv
What courses are taught during the Summer term of the second year in the Master of Language Technologies program?,Required Research,Academics,Academics_data/Documents/program_info_MasterofLanguageTechnologies/Curriculum_Table_MasterofLanguageTechnologies.csv
What is the Master of Science in Artificial Intelligence and Innovation (MSAII) program?,"The MSAII is a master's program that combines artificial intelligence and machine learning curricula with real-world team experience in identifying AI market niches and developing products. The program focuses on intrapreneurship and entrepreneurship and leads to a capstone project, equipping graduates to begin startups or develop new organizations within established companies.",Academics,Academics_data/Documents/program_info_MasterofScienceinArtificialIntelligenceandInnovation/program_info_MasterofScienceinArtificialIntelligenceandInnovation.txt
Who is eligible to apply for the MSAII program?,"Generally, students holding undergraduate degrees in computer science, software engineering, bioinformatics, or bioengineering are eligible to apply.",Academics,Academics_data/Documents/program_info_MasterofScienceinArtificialIntelligenceandInnovation/program_info_MasterofScienceinArtificialIntelligenceandInnovation.txt
What are the requirements to earn the MSAII degree?,"To earn the MSAII degree, students must pass courses in the Core Curriculum, the Knowledge Requirements, and Electives, culminating in a capstone project. In total, students will complete 195 eligible units of study, including 84 units of Core Curriculum, 72 units of Knowledge Requirements, at least 36 units of approved Electives, and the LTI Practicum.",Academics,Academics_data/Documents/program_info_MasterofScienceinArtificialIntelligenceandInnovation/program_info_MasterofScienceinArtificialIntelligenceandInnovation.txt
What does the Core Curriculum cover in the MSAII program?,"The Core Curriculum is a five-course sequence covering the four main phases of innovation development, including 11-651 Artificial Intelligence and Future Markets, 17-762 Law of Computer Technology, 11-695 AI Engineering, 11-654 AI Innovation, and 11-699 Capstone Project.",Academics,Academics_data/Documents/program_info_MasterofScienceinArtificialIntelligenceandInnovation/program_info_MasterofScienceinArtificialIntelligenceandInnovation.txt
What are the Knowledge Requirements for the MSAII program?,"The Knowledge Requirements comprise six rigorous courses ensuring students can develop advanced AI applications, such as 11-601 Coding Bootcamp, 10-601 Machine Learning, 10-605 Machine Learning with Large Datasets, 11-611 Natural Language Processing, an AI-, NLP-, or ML-related course, and 11-785 Deep Learning.",Academics,Academics_data/Documents/program_info_MasterofScienceinArtificialIntelligenceandInnovation/program_info_MasterofScienceinArtificialIntelligenceandInnovation.txt
What is the LTI Practicum in the MSAII program?,"The LTI Practicum is a 3-unit requirement associated with the summer internship, giving students industry experience.",Academics,Academics_data/Documents/program_info_MasterofScienceinArtificialIntelligenceandInnovation/program_info_MasterofScienceinArtificialIntelligenceandInnovation.txt
What are the Elective options for the MSAII program?,"Students must take at least three 12-unit elective courses from the approved list, which covers various AI, NLP, ML, cybersecurity, database management, cloud computing, and biomedical topics.",Academics,Academics_data/Documents/program_info_MasterofScienceinArtificialIntelligenceandInnovation/program_info_MasterofScienceinArtificialIntelligenceandInnovation.txt
Do students need to complete an internship in the MSAII program?,"Yes, every student is required to complete an industry internship during the summer between the first spring and second fall semesters.",Academics,Academics_data/Documents/program_info_MasterofScienceinArtificialIntelligenceandInnovation/program_info_MasterofScienceinArtificialIntelligenceandInnovation.txt
Can students take any course for elective credit in the MSAII program?,Only with the permission of the MSAII director can students take courses other than the approved electives for elective credit.,Academics,Academics_data/Documents/program_info_MasterofScienceinArtificialIntelligenceandInnovation/program_info_MasterofScienceinArtificialIntelligenceandInnovation.txt
Are there any preparatory classes for the MSAII program?,"Historically, students benefit from passing the undergraduate course 15-513 Introduction to Computer Systems before starting the program. Though not counted towards the 192 eligible units, failing this course results in taking 15-213 Introduction to Computer Systems instead.",Academics,Academics_data/Documents/program_info_MasterofScienceinArtificialIntelligenceandInnovation/program_info_MasterofScienceinArtificialIntelligenceandInnovation.txt
What is the Master's in Intelligent Information Systems (MIIS) program focused on?,"The MIIS program concentrates on recognizing and extracting meaning from text, spoken language, and video, with extensive coverage of content analysis and machine learning.",Academics,Academics_data/Documents/program_info_MasterofScienceinIntelligentInformationSystems/program_info_MasterofScienceinIntelligentInformationSystems.txt
What kind of practical experience does the MIIS program offer?,MIIS students gain practical experience through software development under the supervision of their advisor (equivalent to 24 units or two courses); a summer internship (optional for those with sufficient prior professional experience); and a capstone project executed in collaboration with peers (equivalent to 42 units or three 12-unit courses and one 6-unit course).,Academics,Academics_data/Documents/program_info_MasterofScienceinIntelligentInformationSystems/program_info_MasterofScienceinIntelligentInformationSystems.txt
Which tracks are available for the MIIS program?,"The MIIS program is offered in two options: Option 1. Standard MIIS degree (MIIS-16), a 16-month track, and Option 2. MIIS: Advanced Study degree (MIIS-21), a 21-month track.",Academics,Academics_data/Documents/program_info_MasterofScienceinIntelligentInformationSystems/program_info_MasterofScienceinIntelligentInformationSystems.txt
How many examples of course schedules are provided for the MIIS-16 and MIIS-21?,"Three examples of course schedules are provided for each track: MIIS-16 Example Course of Studies #1, #2, and #3, and MIIS-21 Example Course of Studies #1, #2, and #3.",Academics,Academics_data/Documents/program_info_MasterofScienceinIntelligentInformationSystems/program_info_MasterofScienceinIntelligentInformationSystems.txt
What is the difference in the number of courses and unit requirements between MIIS-16 and MIIS-21 students?,"MIIS-16 students must take at least 84 units (typically 7 courses), while MIIS-21 students need to complete at least 108 units (typically 9 courses) to satisfy their degree requirements. Both sets of requirements aim to fulfill breadth requirements in human language, machine learning, and language technology applications.",Academics,Academics_data/Documents/program_info_MasterofScienceinIntelligentInformationSystems/program_info_MasterofScienceinIntelligentInformationSystems.txt
Does the MIIS program offer a part-time education option?,"Part-time education might be available in certain cases, but the handbook recommends checking with the appropriate office for eligibility and availability.",Academics,Academics_data/Documents/program_info_MasterofScienceinIntelligentInformationSystems/program_info_MasterofScienceinIntelligentInformationSystems.txt
Where can I find more information regarding requirements and curriculum for the MIIS program?,"Refer to the MIIS Handbook for a full list of requirements, a complete breakdown of curriculum, and concentrated area requirements.",Academics,Academics_data/Documents/program_info_MasterofScienceinIntelligentInformationSystems/program_info_MasterofScienceinIntelligentInformationSystems.txt
What are the courses in Fall 1 for the MS in Intelligent Information Systems?,"Machine Learning, Search Engines, and Directed Study",Academics,Academics_data/Documents/program_info_MasterofScienceinIntelligentInformationSystems/Curriculum_Table_MasterofScienceinIntelligentInformationSystems_EgCOS1.csv
What are the courses in Fall 2 for the MS in Intelligent Information Systems?,"Design and Engineering of Intelligent Systems, Language and Statistics, and Natural Language Processing",Academics,Academics_data/Documents/program_info_MasterofScienceinIntelligentInformationSystems/Curriculum_Table_MasterofScienceinIntelligentInformationSystems_EgCOS1.csv
What are the courses in Spring for the MS in Intelligent Information Systems?,"Question Answering, Directed Study, and MIIS Capstone Planning Seminar",Academics,Academics_data/Documents/program_info_MasterofScienceinIntelligentInformationSystems/Curriculum_Table_MasterofScienceinIntelligentInformationSystems_EgCOS1.csv
What are the courses in Summer for the MS in Intelligent Information Systems?,"Internship, Machine Learning for Text Mining, and MIIS Capstone Project",Academics,Academics_data/Documents/program_info_MasterofScienceinIntelligentInformationSystems/Curriculum_Table_MasterofScienceinIntelligentInformationSystems_EgCOS1.csv
What are the courses in Fall 1 for the alternative MS in Intelligent Information Systems?,"Machine Learning, Algorithms for NLP, and Speech Recognition and Understanding",Academics,Academics_data/Documents/program_info_MasterofScienceinIntelligentInformationSystems/Curriculum_Table_MasterofScienceinIntelligentInformationSystems_EgCOS2.csv
What are the courses in Fall 2 for the alternative MS in Intelligent Information Systems?,"Applied Machine Learning, Competitive Engineering, and Design and Implementation of Speech Recognition Systems",Academics,Academics_data/Documents/program_info_MasterofScienceinIntelligentInformationSystems/Curriculum_Table_MasterofScienceinIntelligentInformationSystems_EgCOS2.csv
What are the courses in Spring for the alternative MS in Intelligent Information Systems?,Directed Study and MIIS Capstone Planning Seminar,Academics,Academics_data/Documents/program_info_MasterofScienceinIntelligentInformationSystems/Curriculum_Table_MasterofScienceinIntelligentInformationSystems_EgCOS2.csv
What are the courses in Summer for the alternative MS in Intelligent Information Systems?,"Internship, Conversational Interfaces, and MIIS Capstone Project",Academics,Academics_data/Documents/program_info_MasterofScienceinIntelligentInformationSystems/Curriculum_Table_MasterofScienceinIntelligentInformationSystems_EgCOS2.csv
What are the courses in Fall 1 for the third MS in Intelligent Information Systems variant?,"Search Engines, Analysis of Social Media, Design and Engineering of Intelligent Systems, and Directed Study",Academics,Academics_data/Documents/program_info_MasterofScienceinIntelligentInformationSystems/Curriculum_Table_MasterofScienceinIntelligentInformationSystems_EgCOS3.csv
What are the courses in Spring for the third MS in Intelligent Information Systems variant?,"Machine Learning, Natural Language Processing, Question Answering, and Directed Study",Academics,Academics_data/Documents/program_info_MasterofScienceinIntelligentInformationSystems/Curriculum_Table_MasterofScienceinIntelligentInformationSystems_EgCOS3.csv
What are the courses in Summer for the third MS in Intelligent Information Systems variant?,"Academic Research Practices and Scientific Communities, and MIIS Capstone Project",Academics,Academics_data/Documents/program_info_MasterofScienceinIntelligentInformationSystems/Curriculum_Table_MasterofScienceinIntelligentInformationSystems_EgCOS3.csv
What are the courses in Fall 1 for the fourth MS in Intelligent Information Systems variation?,"Search Engines, Algorithms for NLP, Intro to ML (MLD), and MIIS Directed Study",Academics,Academics_data/Documents/program_info_MasterofScienceinIntelligentInformationSystems/Curriculum_Table_MasterofScienceinIntelligentInformationSystems_EgCOS4.csv
What are the courses in Fall 2 for the fourth MS in Intelligent Information Systems variation?,Question Answering and Intro to Deep Learning,Academics,Academics_data/Documents/program_info_MasterofScienceinIntelligentInformationSystems/Curriculum_Table_MasterofScienceinIntelligentInformationSystems_EgCOS4.csv
What are the courses in Spring 1 for the fourth MS in Intelligent Information Systems variation?,MIIS Capstone Planning Seminar and MIIS Directed Study,Academics,Academics_data/Documents/program_info_MasterofScienceinIntelligentInformationSystems/Curriculum_Table_MasterofScienceinIntelligentInformationSystems_EgCOS4.csv
What are the courses in Spring 2 for the fourth MS in Intelligent Information Systems variation?,Internship and MIIS Capstone Project,Academics,Academics_data/Documents/program_info_MasterofScienceinIntelligentInformationSystems/Curriculum_Table_MasterofScienceinIntelligentInformationSystems_EgCOS4.csv
What are the courses in Summer for the fourth MS in Intelligent Information Systems variation?,"Applied ML, ML for Text Mining, ML for Signal Processing, and Elective",Academics,Academics_data/Documents/program_info_MasterofScienceinIntelligentInformationSystems/Curriculum_Table_MasterofScienceinIntelligentInformationSystems_EgCOS4.csv
What are the courses in Fall 1 for the fifth MS in Intelligent Information Systems layout?,"Search Engines, Algorithms for NLP, Intro to ML (MLD), and MIIS Directed Study",Academics,Academics_data/Documents/program_info_MasterofScienceinIntelligentInformationSystems/Curriculum_Table_MasterofScienceinIntelligentInformationSystems_EgCOS5.csv
What are the courses in Fall 2 for the fifth MS in Intelligent Information Systems layout?,Question Answering and Intro to Deep Learning,Academics,Academics_data/Documents/program_info_MasterofScienceinIntelligentInformationSystems/Curriculum_Table_MasterofScienceinIntelligentInformationSystems_EgCOS5.csv
What are the courses in Spring 1 for the fifth MS in Intelligent Information Systems layout?,MIIS Capstone Planning Seminar and MIIS Directed Study,Academics,Academics_data/Documents/program_info_MasterofScienceinIntelligentInformationSystems/Curriculum_Table_MasterofScienceinIntelligentInformationSystems_EgCOS5.csv
What are the courses in Spring 2 for the fifth MS in Intelligent Information Systems layout?,Internship and MIIS Capstone Project,Academics,Academics_data/Documents/program_info_MasterofScienceinIntelligentInformationSystems/Curriculum_Table_MasterofScienceinIntelligentInformationSystems_EgCOS5.csv
What are the courses in Summer for the fifth MS in Intelligent Information Systems layout?,"Machine Translation, Comp Semantics for NLP, Neural Networks for NLP, and Elective",Academics,Academics_data/Documents/program_info_MasterofScienceinIntelligentInformationSystems/Curriculum_Table_MasterofScienceinIntelligentInformationSystems_EgCOS5.csv
What are the courses in Fall 1 for the sixth MS in Intelligent Information Systems configuration?,"Natural Language Processing, Algorithms for NLP, Intro to ML (MLD), and MIIS Directed Study",Academics,Academics_data/Documents/program_info_MasterofScienceinIntelligentInformationSystems/Curriculum_Table_MasterofScienceinIntelligentInformationSystems_EgCOS6.csv
What are the courses in Fall 2 for the sixth MS in Intelligent Information Systems configuration?,Question Answering and Intro to Deep Learning,Academics,Academics_data/Documents/program_info_MasterofScienceinIntelligentInformationSystems/Curriculum_Table_MasterofScienceinIntelligentInformationSystems_EgCOS6.csv
What are the courses in Spring 1 for the sixth MS in Intelligent Information Systems configuration?,"Language and Statistics, Comp Semantics for NLP, and MIIS Capstone Planning Seminar",Academics,Academics_data/Documents/program_info_MasterofScienceinIntelligentInformationSystems/Curriculum_Table_MasterofScienceinIntelligentInformationSystems_EgCOS6.csv
What are the courses in Spring 2 for the sixth MS in Intelligent Information Systems configuration?,"MIIS Directed Study, Internship, and MIIS Capstone Project",Academics,Academics_data/Documents/program_info_MasterofScienceinIntelligentInformationSystems/Curriculum_Table_MasterofScienceinIntelligentInformationSystems_EgCOS6.csv
What are the courses in Summer for the sixth MS in Intelligent Information Systems configuration?,"ML for Signal Processing, and Elective",Academics,Academics_data/Documents/program_info_MasterofScienceinIntelligentInformationSystems/Curriculum_Table_MasterofScienceinIntelligentInformationSystems_EgCOS6.csv
What are the general requirements for obtaining a Ph.D. in Language and Information Technologies?,"To obtain a Ph.D. in Language and Information Technologies, you need to pass 96 units (eight courses) of graduate courses consisting of at least 72 units of LTI courses (one class per focus area) and at least 24 units of SCS courses. Two lab courses in separate research areas are also mandatory.",Requirements,Academics_data/Documents/program_info_PhDinLanguageandInformationTechnology/program_info_PhDinLanguageandInformationTechnology.txt
Could you provide an example of a five-year schedule for pursuing a Ph.D. in Language and Information Technologies?,"Here's a sample five-year schedule for a Ph.D. candidate: 
Year 1: Fall – Grammars and Lexicons, Algorithms for NLP, Directed Study, Search Engines or Machine Learning for Text Mining, Machine Translation, Directed Study, Required Research;
Year 2: Fall – Software Engineering for LT (I), Speech Understanding, Self-Paced Lab, Directed Study, Software Engineering for LT (II), Self-Paced Lab, Directed Study, Required Research;
Year 3: Directed Research, Directed Research, Directed Research;
Year 4: Directed Research, Directed Research, Directed Research;
Year 5: Directed Research, Directed Research, Directed Research.",Curriculum,Academics_data/Documents/program_info_PhDinLanguageandInformationTechnology/program_info_PhDinLanguageandInformationTechnology.txt
What are the courses for Fall semester of Year 1 in the Ph.D. in Language and Information Technologies program?,"Grammars and Lexicons, Algorithms for NLP, Directed Study",Curriculum,Academics_data/Documents/program_info_PhDinLanguageandInformationTechnology/Curriculum_Table_PhDinLanguageandInformationTechnology.csv
What are the courses for Spring semester of Year 1 in the Ph.D. in Language and Information Technologies program?,"Search Engines or Machine Learning for Text Mining, Machine Translation, Directed Study, Required Research",Curriculum,Academics_data/Documents/program_info_PhDinLanguageandInformationTechnology/Curriculum_Table_PhDinLanguageandInformationTechnology.csv
What are the courses for Fall semester of Year 2 in the Ph.D. in Language and Information Technologies program?,"Software Engineering for LT (I), Speech Understanding, Self-Paced Lab, Directed Study",Curriculum,Academics_data/Documents/program_info_PhDinLanguageandInformationTechnology/Curriculum_Table_PhDinLanguageandInformationTechnology.csv
What are the courses for Spring semester of Year 2 in the Ph.D. in Language and Information Technologies program?,"Software Engineering for LT (II), Self-Paced Lab, Directed Study, Required Research",Curriculum,Academics_data/Documents/program_info_PhDinLanguageandInformationTechnology/Curriculum_Table_PhDinLanguageandInformationTechnology.csv
"What are the courses for Years 3, 4, and 5 in the Ph.D. in Language and Information Technologies program?",Directed Research,Curriculum,Academics_data/Documents/program_info_PhDinLanguageandInformationTechnology/Curriculum_Table_PhDinLanguageandInformationTechnology.csv
