Course ID,Subject Title,Units,Days,Begin,End,Location,Instructor(s),Department Name,Bldg,Room,Section
48490,Undergraduate Internship,3.0,Schedule will be added,NA,NA,"Pittsburgh, Pennsylvania",Arscott,Architecture,DNM,DNM,A
48519,Architecture Design Studio: Thesis II/ Independent Project,VAR,Schedule will be added,NA,NA,"Pittsburgh, Pennsylvania",Instructor TBA,Architecture,TBA,,A
48599,Independent Study,3-9,Schedule will be added,NA,NA,"Pittsburgh, Pennsylvania",Instructor TBA,Architecture,TBA,,A
48600,ASO Studio General,18.0,Schedule will be added,NA,NA,"Pittsburgh, Pennsylvania",Arscott,Architecture,DNM,DNM,A
48695,Internship (Studio-Based Graduate Programs):,3.0,Day not scheduled,NA,NA,NA,NA,Architecture,NA,,NA
48695,Master of Architecture,3.0,Schedule will be added,NA,NA,"Pittsburgh, Pennsylvania","Bard, Gutschow, Anklesaria",Architecture,DNM,DNM,A
48695,Internship (Studio-Based Graduate Programs):,3.0,Day not scheduled,NA,NA,NA,NA,Architecture,NA,,NA
48695,Master of Urban Design,3.0,Schedule will be added,NA,NA,"Pittsburgh, Pennsylvania","Bard, Gruber",Architecture,DNM,DNM,B
48695,Internship (Studio-Based Graduate Programs):,3.0,Day not scheduled,NA,NA,NA,NA,Architecture,NA,,NA
48695,Master of Advanced Architectural Design,3.0,Schedule will be added,NA,NA,"Pittsburgh, Pennsylvania","Ficca, Bard",Architecture,DNM,DNM,C
48700,Practicum,0-36,Schedule will be added,NA,NA,"Pittsburgh, Pennsylvania",Cupkova,Architecture,TBA,,A
48703,Master's Project,18-36,Schedule will be added,NA,NA,"Pittsburgh, Pennsylvania",Instructor TBA,Architecture,DNM,DNM,R
48704,Internship (MS & PhD),0-18,Schedule will be added,NA,NA,"Pittsburgh, Pennsylvania","Cochran, Lee, Bard, Loftness, Krishnamurti, Cupkova, Cardoso Llach",Architecture,DNM,DNM,R
48731,Sustainable Design Synthesis Prep,1-18,Schedule will be added,NA,NA,"Pittsburgh, Pennsylvania",Cochran,Architecture,TBA,,A
48731,Sustainable Design Synthesis Prep,1-18,Schedule will be added,NA,NA,"Pittsburgh, Pennsylvania",Instructor TBA,Architecture,TBA,,B
48732,Sustainable Design Synthesis,01224,Schedule will be added,NA,NA,"Pittsburgh, Pennsylvania",Cupkova,Architecture,TBA,,A
48736,Master's Independent Study,0-99,Schedule will be added,NA,NA,"Pittsburgh, Pennsylvania",Loftness,Architecture,TBA,,A
48736,Master's Independent Study,0-99,Schedule will be added,NA,NA,"Pittsburgh, Pennsylvania","Rehman, Cardoso Llach",Architecture,TBA,,B
48736,Master's Independent Study,0-99,Schedule will be added,NA,NA,"Pittsburgh, Pennsylvania","Lee, Cochran",Architecture,DNM,DNM,C
48769,Thesis/Project,VAR,Schedule will be added,NA,NA,"Pittsburgh, Pennsylvania",Cardoso Llach,Architecture,DNM,DNM,C
48785,MAAD Research by Design Project,18.0,Schedule will be added,NA,NA,"Pittsburgh, Pennsylvania",Instructor TBA,Architecture,DNM,DNM,A
48791,M.S. Project,0-99,Schedule will be added,NA,NA,"Pittsburgh, Pennsylvania","Krishnamurti, Kim",Architecture,TBA,,A
48792,Ph.D. Independent Study,0-99,Schedule will be added,NA,NA,"Pittsburgh, Pennsylvania",Rehman,Architecture,TBA,,A
48793,Ph.D. Thesis,0-99,Schedule will be added,NA,NA,"Pittsburgh, Pennsylvania",Instructor TBA,Architecture,TBA,,A
48794,Graduate Reading and Research,53648,Schedule will be added,NA,NA,"Pittsburgh, Pennsylvania",Instructor TBA,Architecture,TBA,,A
48794,Graduate Reading and Research,53648,Schedule will be added,NA,NA,"Pittsburgh, Pennsylvania",Instructor TBA,Architecture,TBA,,R
60399,Art History/Theory Independent Study,9.0,Schedule will be added,NA,NA,"Pittsburgh, Pennsylvania",Instructor TBA,Art,DNM,DNM,A
60499,Studio Independent Study,5-10,Schedule will be added,NA,NA,"Pittsburgh, Pennsylvania",Cato,Art,DNM,DNM,A
60590,Internship,1-9,Schedule will be added,NA,NA,"Pittsburgh, Pennsylvania",Cato,Art,DNM,DNM,A
60590,Tropical Ecology,1-9,Schedule will be added,NA,NA,"Pittsburgh, Pennsylvania",Instructor TBA,Biological Sciences,TBA,,S
03132,Basic Science to Modern Medicine,9.0,Monday Tuesday Wednesday Thursday Friday,02:00PM,03:20PM,"Pittsburgh, Pennsylvania",Mccartney,Biological Sciences,CMU,REMOTE,S
03210,Independent Study,1-12,Schedule will be added,NA,NA,"Pittsburgh, Pennsylvania",Willard,Biological Sciences,TBA,,R
03445,Undergraduate Research,1-18,Schedule will be added,NA,NA,"Pittsburgh, Pennsylvania",Willard,Biological Sciences,TBA,,S
03445,Undergraduate Research,1-18,Schedule will be added,NA,NA,"Doha, Qatar",Instructor TBA,Biological Sciences,DNM,DNM,W
03445,Undergraduate Research,1-18,Schedule will be added,NA,NA,"Doha, Qatar",Instructor TBA,Biological Sciences,DNM,DNM,X
03445,Undergraduate Research,1-18,Schedule will be added,NA,NA,"Doha, Qatar",Instructor TBA,Biological Sciences,DNM,DNM,Y
03600,Biotechnology or Biopharmaceutical Engineering Internship,3.0,Schedule will be added,NA,NA,"Pittsburgh, Pennsylvania","McGuier, Brasier",Biological Sciences,DNM,DNM,A
03699,MS Research,VAR,Schedule will be added,NA,NA,"Pittsburgh, Pennsylvania",Brasier,Biological Sciences,DNM,DNM,A
03699,MS Research,VAR,Schedule will be added,NA,NA,"Pittsburgh, Pennsylvania",Brasier,Biological Sciences,DNM,DNM,R
03700,MS Thesis Research,6-36,Schedule will be added,NA,NA,"Pittsburgh, Pennsylvania",Brasier,Biological Sciences,TBA,,A
03700,MS Thesis Research,6-36,Schedule will be added,NA,NA,"Pittsburgh, Pennsylvania",Brasier,Biological Sciences,TBA,,R
03900,Doctoral Thesis Research,5-36,Schedule will be added,NA,NA,"Pittsburgh, Pennsylvania",Hinman,Biological Sciences,TBA,,A
03900,Doctoral Thesis Research,5-36,Schedule will be added,NA,NA,"Pittsburgh, Pennsylvania",Hinman,Biological Sciences,TBA,,R
42300,Junior BME Research Project,3-12,Schedule will be added,NA,NA,"Pittsburgh, Pennsylvania",Zapanta,Biomedical Engineering,TBA,,A
42400,Senior BME Research Project,3-18,Schedule will be added,NA,NA,"Pittsburgh, Pennsylvania",Zapanta,Biomedical Engineering,TBA,,A
42790,Practicum in Biomedical Engineering,12.0,Schedule will be added,NA,NA,"Pittsburgh, Pennsylvania",Chalacheva,Biomedical Engineering,TBA,,A
42799,Directed Study,3-9,Schedule will be added,NA,NA,"Pittsburgh, Pennsylvania",Rakach,Biomedical Engineering,TBA,,A
42882,Tissue Engineering,12.0,Wednesday,07:00PM,08:30PM,"Pittsburgh, Pennsylvania",Palchesko,Biomedical Engineering,CMU,REMOTE,A
42890,M.S. Research,9-48 4,Schedule will be added,NA,NA,"Pittsburgh, Pennsylvania",Rakach,Biomedical Engineering,TBA,,R
42899,M.S. Research Final Report,0.0,Schedule will be added,NA,NA,"Pittsburgh, Pennsylvania",Rakach,Biomedical Engineering,TBA,,A
42990,Ph.D. Thesis Research,3-48,Schedule will be added,NA,NA,"Pittsburgh, Pennsylvania",Rakach,Biomedical Engineering,TBA,,R
42997,Ph.D. Qualifying Examination,0.0,Schedule will be added,NA,NA,"Pittsburgh, Pennsylvania",Chase,Biomedical Engineering,TBA,,A
42998,Ph.D. Proposal,0.0,Schedule will be added,NA,NA,"Pittsburgh, Pennsylvania",Rakach,Biomedical Engineering,TBA,,A
42999,Ph.D Thesis Defense,0.0,Schedule will be added,NA,NA,"Pittsburgh, Pennsylvania",Rakach,Biomedical Engineering,TBA,,A
42999,Designing and Leading a Business CAP-S,0.0,Wednesday,08:15PM,09:30PM,"Pittsburgh, Pennsylvania",Markovitz,Business Administration,CMU,REMOTE,M
45985,Product Management for and by Product Managers:,12.0,Day not scheduled,NA,NA,NA,NA,Business Administration,NA,,NA
45985,Product Management for and by Product Managers,12.0,Tuesday,07:00PM,09:45PM,"Pittsburgh, Pennsylvania",Derdenger,Business Administration,CMU,REMOTE,M
45990,Management Game:,12.0,Day not scheduled,NA,NA,NA,NA,Business Administration,NA,,NA
45990,Management Game,12.0,Wednesday,08:30PM,09:45PM,"Pittsburgh, Pennsylvania",Lamont,Business Administration,CMU,REMOTE,M
45990,Management Game:,12.0,Day not scheduled,NA,NA,NA,NA,Business Administration,NA,,NA
45990,Management Game,12.0,Wednesday,07:00PM,08:15PM,"Pittsburgh, Pennsylvania",Lamont,Business Administration,CMU,REMOTE,O
45999,Internship Practicum,3.0,Schedule will be added,NA,NA,"Pittsburgh, Pennsylvania",Hermann,Business Administration,TBA,,A
46999,MSCF Summer Internship,3.0,Schedule will be added,NA,NA,"New York, New York","Simon, Paljevic",Business Administration,DNM,DNM,M
47900,Tepper PhD,1-36,Schedule will be added,NA,NA,"Pittsburgh, Pennsylvania",Instructor TBA,Business Administration,DNM,DNM,M
47995,Graduate Reading & Research,1236,Schedule will be added,NA,NA,"Pittsburgh, Pennsylvania",Rapp,Business Administration,DNM,DNM,M
47998,Tepper PhD Internship,3-36,Schedule will be added,NA,NA,"Pittsburgh, Pennsylvania",Shourideh,Business Administration,DNM,DNM,M
70257,Optimization for Business:,9.0,Day not scheduled,NA,NA,NA,NA,Business Administration,NA,,NA
70257,Optimization for Business,9.0,Monday Tuesday Wednesday Thursday Friday,03:30PM,04:50PM,"Pittsburgh, Pennsylvania",Shen,Business Administration,TEP,2612,S
70311,Organizational Behavior,9.0,Monday Tuesday Wednesday Thursday Friday,09:30AM,10:50AM,"Pittsburgh, Pennsylvania",Instructor TBA,Business Administration,TEP,2612,S
70371,Operations Management,9.0,Monday Tuesday Wednesday Thursday Friday,12:30PM,01:50PM,"Pittsburgh, Pennsylvania",Instructor TBA,Business Administration,TEP,2701,S
70381,Marketing I:,9.0,Day not scheduled,NA,NA,NA,NA,Business Administration,NA,,NA
70381,TBA,9.0,Monday Tuesday Wednesday Thursday Friday,02:00PM,03:20PM,"Pittsburgh, Pennsylvania",Feng,Business Administration,TEP,2612,S
70417,Topics in Entrepreneurship,9.0,Schedule will be added,NA,NA,"Doha, Qatar",Hakim,Business Administration,TBA,,W
70417,CIT Internship,9.0,Schedule will be added,NA,NA,"Pittsburgh, Pennsylvania",Instructor TBA,CIT Interdisciplinary,DNM,DNM,A
39405,CIT Leadership Independent Study,9.0,Schedule will be added,NA,NA,"Pittsburgh, Pennsylvania",Murphy,CIT Interdisciplinary,TBA,,A
39500,Honors Research Project:,1-36,Day not scheduled,NA,NA,NA,NA,CIT Interdisciplinary,NA,,NA
39500,CIT Honors Research Project,1-36,Schedule will be added,NA,NA,"Pittsburgh, Pennsylvania",Larsen,CIT Interdisciplinary,DNM,DNM,A
39660,Masters EST&P Project:,VAR,Day not scheduled,NA,NA,NA,NA,CIT Interdisciplinary,NA,,NA
39660,EST&P Project Course,VAR,Schedule will be added,NA,NA,"Pittsburgh, Pennsylvania",Salvador,CIT Interdisciplinary,DNM,DNM,A
39660,Summer UG Research Apprenticeship,VAR,Schedule will be added,NA,NA,"Pittsburgh, Pennsylvania",Bernazzoli,Carnegie Mellon University-Wide Studies,DNM,DNM,A
39660,Summer UG Research Apprenticeship,VAR,Schedule will be added,NA,NA,"Doha, Qatar",Bruder,Carnegie Mellon University-Wide Studies,TBA,,W
39660,Summer UG Research Apprenticeship,VAR,Schedule will be added,NA,NA,"Doha, Qatar",Instructor TBA,Carnegie Mellon University-Wide Studies,TBA,,WW
39660,Summer UG Research Apprenticeship,VAR,Schedule will be added,NA,NA,"Doha, Qatar",Feo Flushing,Carnegie Mellon University-Wide Studies,DNM,DNM,WY
39660,Summer UG Research Apprenticeship,VAR,Schedule will be added,NA,NA,"Doha, Qatar",AAZAM,Carnegie Mellon University-Wide Studies,DNM,DNM,WZ
39660,Summer UG Research Apprenticeship,VAR,Schedule will be added,NA,NA,"Doha, Qatar",Sharma,Carnegie Mellon University-Wide Studies,DNM,DNM,X
39660,Summer UG Research Apprenticeship,VAR,Schedule will be added,NA,NA,"Doha, Qatar",Bouamor,Carnegie Mellon University-Wide Studies,DNM,DNM,XX
39660,Summer UG Research Apprenticeship,VAR,Schedule will be added,NA,NA,"Doha, Qatar",Safak,Carnegie Mellon University-Wide Studies,DNM,DNM,Y
39660,Summer UG Research Apprenticeship,VAR,Schedule will be added,NA,NA,"Doha, Qatar",Instructor TBA,Carnegie Mellon University-Wide Studies,DNM,DNM,YY
39660,Summer UG Research Apprenticeship,VAR,Schedule will be added,NA,NA,"Doha, Qatar",Instructor TBA,Carnegie Mellon University-Wide Studies,DNM,DNM,Z
39660,Summer UG Research Apprenticeship,VAR,Schedule will be added,NA,NA,"Doha, Qatar",Instructor TBA,Carnegie Mellon University-Wide Studies,DNM,DNM,ZZ
99405,Summer Directed Study,3-12,Schedule will be added,NA,NA,"Pittsburgh, Pennsylvania",Mozisek,Carnegie Mellon University-Wide Studies,DNM,DNM,A
99409,Summer Research,1.0,Schedule will be added,NA,NA,"Pittsburgh, Pennsylvania",Mozisek,Carnegie Mellon University-Wide Studies,DNM,DNM,A
99411,Summer Internship,9-36,Schedule will be added,NA,NA,"Pittsburgh, Pennsylvania",Mozisek,Carnegie Mellon University-Wide Studies,DNM,DNM,A
99411,Summer Internship,9-36,Schedule will be added,NA,NA,"Doha, Qatar",Mitchell,Carnegie Mellon University-Wide Studies,DNM,DNM,W
99412,Summer Internship,1.0,Schedule will be added,NA,NA,"Pittsburgh, Pennsylvania",Mozisek,Carnegie Mellon University-Wide Studies,DNM,DNM,A
99520,Collaborative Research through Projects:,VAR,Day not scheduled,NA,NA,NA,NA,Carnegie Mellon University-Wide Studies,NA,,NA
99520,"From the Pearl of Arabia to the City of Steel: Image, Place, and Meaning",VAR,Monday Tuesday Wednesday,09:30AM,10:50AM,"Pittsburgh, Pennsylvania","Mitchell, Vitone",Carnegie Mellon University-Wide Studies,DNM,DNM,A
99520,Collaborative Research through Projects:,VAR,Day not scheduled,NA,NA,NA,NA,Carnegie Mellon University-Wide Studies,NA,,NA
99520,Authoritarian Influence and Democracy: Lessons from around the World,VAR,Wednesday,11:00AM,12:20PM,"Pittsburgh, Pennsylvania",Chin,Carnegie Mellon University-Wide Studies,CMU,REMOTE,B
99520,Collaborative Research through Projects:,VAR,Day not scheduled,NA,NA,NA,NA,Carnegie Mellon University-Wide Studies,NA,,NA
99520,Ghost Story & Shadow Play: Exploring Ancient Chinese Literature thru Digital Hum,VAR,Monday Wednesday Friday,09:30AM,10:50AM,"Pittsburgh, Pennsylvania","Liu, DeYoung",Carnegie Mellon University-Wide Studies,CMU,REMOTE,C
99520,Collaborative Research through Projects:,VAR,Day not scheduled,NA,NA,NA,NA,Carnegie Mellon University-Wide Studies,NA,,NA
99520,Skyglow: Where Have All the Stars Gone?,VAR,Thursday,07:00PM,10:00PM,"Pittsburgh, Pennsylvania",Quick,Carnegie Mellon University-Wide Studies,CMU,REMOTE,D
06400,Senior Research Project,3-36,Schedule will be added,NA,NA,"Pittsburgh, Pennsylvania",Laird,Chemical Engineering,DNM,DNM,A
06405,Independent Study,VAR,Schedule will be added,NA,NA,"Pittsburgh, Pennsylvania",Laird,Chemical Engineering,DNM,DNM,A
06600,Masters Chemical Engineering Project,1-48,Schedule will be added,NA,NA,"Pittsburgh, Pennsylvania",Laird,Chemical Engineering,DNM,DNM,R
06803,Graduate Reading and Research,51836,Schedule will be added,NA,NA,"Pittsburgh, Pennsylvania",Laird,Chemical Engineering,TBA,,R
09050,Study Abroad,0.0,Schedule will be added,NA,NA,"Pittsburgh, Pennsylvania",Stump,Chemistry,DNM,DNM,S
09106,Modern Chemistry II,10.0,Monday Tuesday Wednesday Thursday Friday,11:00AM,12:20PM,"Pittsburgh, Pennsylvania",Sherwood,Chemistry,DH,2302,S
09106,Modern Chemistry II,10.0,Tuesday,02:00PM,02:50PM,"Pittsburgh, Pennsylvania",NA,Chemistry,DH,2302,NA
09217,Organic Chemistry I,9.0,Monday Tuesday Wednesday Thursday Friday,09:30AM,10:50AM,"Pittsburgh, Pennsylvania",Silva,Chemistry,DH,2302,S
09435,Independent Study Chemistry,1.0 - 12.0,Schedule will be added,NA,NA,"Pittsburgh, Pennsylvania",Stump,Chemistry,DNM,DNM,S
09445,Undergraduate Research,3-18,Schedule will be added,NA,NA,"Pittsburgh, Pennsylvania",Stump,Chemistry,DNM,DNM,S
09861,Chemical Research,0-99,Schedule will be added,NA,NA,"Pittsburgh, Pennsylvania",Noonan,Chemistry,DNM,DNM,R
09861,Chemical Research,0-99,Schedule will be added,NA,NA,"Pittsburgh, Pennsylvania",Noonan,Chemistry,DNM,DNM,S
09871,Doctoral Dissertation,5.0,Schedule will be added,NA,NA,"Pittsburgh, Pennsylvania",Noonan,Chemistry,DNM,DNM,S
09990,Internship:,0-99,Day not scheduled,NA,NA,NA,NA,Chemistry,NA,,NA
09990,TBA,0-99,Schedule will be added,NA,NA,"Pittsburgh, Pennsylvania",Noonan,Chemistry,TBA,,S
12791,Graduate Project,0-99,Schedule will be added,NA,NA,"Pittsburgh, Pennsylvania",Instructor TBA,Civil & Environmental Engineering,DNM,DNM,R
12792,Advanced Independent Study,0-99,Schedule will be added,NA,NA,"Pittsburgh, Pennsylvania",Akinci,Civil & Environmental Engineering,DNM,DNM,R
12799,Ph.D. Thesis,0-99,Schedule will be added,NA,NA,"Pittsburgh, Pennsylvania",Instructor TBA,Civil & Environmental Engineering,DNM,DNM,A
12799,Ph.D. Thesis,0-99,Schedule will be added,NA,NA,"Pittsburgh, Pennsylvania",Instructor TBA,Civil & Environmental Engineering,DNM,DNM,R
12993,Reading and Research in Civil and Environmental Engineering,51836,Schedule will be added,NA,NA,"Pittsburgh, Pennsylvania",Instructor TBA,Civil & Environmental Engineering,TBA,,R
12995,Internship in Civil and Environmental Engineering,1-36,Schedule will be added,NA,NA,"Pittsburgh, Pennsylvania",Instructor TBA,Civil & Environmental Engineering,DNM,DNM,R
02700,M.S. Thesis Research,1-12,Schedule will be added,NA,NA,"Pittsburgh, Pennsylvania",Instructor TBA,Computational Biology,DNM,DNM,A
02900,Ph.D. Thesis Research,1-48,Schedule will be added,NA,NA,"Pittsburgh, Pennsylvania",Stenger,Computational Biology,DNM,DNM,R
15150,Principles of Functional Programming,12.0,Monday Tuesday Wednesday Thursday Friday,11:00AM,12:20PM,"Pittsburgh, Pennsylvania",Grodin,Computer Science,GHC,CLSTR,A
15150,Principles of Functional Programming,12.0,Monday Tuesday Wednesday Thursday Friday,02:00PM,03:20PM,"Pittsburgh, Pennsylvania",NA,Computer Science,TEP,1403,NA
15150,Principles of Functional Programming,12.0,Monday Tuesday Wednesday Thursday Friday,09:30AM,10:50AM,"Pittsburgh, Pennsylvania",Grodin,Computer Science,GHC,CLSTR,B
15150,Principles of Functional Programming,12.0,Monday Tuesday Wednesday Thursday Friday,02:00PM,03:20PM,"Pittsburgh, Pennsylvania",NA,Computer Science,TEP,1403,NA
15213,Introduction to Computer Systems,12.0,Tuesday Wednesday Thursday Friday,12:30PM,01:50PM,"Pittsburgh, Pennsylvania",Railing,Computer Science,SH,105,A
15513,Introduction to Computer Systems,612,Schedule will be added,NA,NA,"Pittsburgh, Pennsylvania",Railing,Computer Science,DNM,DNM,A
15591,Independent Study in Computer Science,3-18,Schedule will be added,NA,NA,"Pittsburgh, Pennsylvania",Stehlik,Computer Science,DNM,DNM,A
15639,Independent Study in Computer Science Pedagogy:,3-18,Day not scheduled,NA,NA,NA,NA,Computer Science,NA,,NA
15639,Independent Study in Computer Science Pedagogy,3-18,Schedule will be added,NA,NA,"Pittsburgh, Pennsylvania","O'Hallaron, Eckhardt",Computer Science,DNM,DNM,A
15689,Independent Study in the Computer Sciences,3-12,Schedule will be added,NA,NA,"Pittsburgh, Pennsylvania","O'Hallaron, Eckhardt",Computer Science,DNM,DNM,A
15697,Graduate Reading and Research,1-48,Schedule will be added,NA,NA,"Pittsburgh, Pennsylvania",Farbacher,Computer Science,TBA,,RA
15697,Graduate Reading and Research,1-48,Schedule will be added,NA,NA,"Pittsburgh, Pennsylvania","O'Hallaron, Eckhardt",Computer Science,TBA,,RB
15698,MSCS Research Thesis,1-36,Schedule will be added,NA,NA,"Pittsburgh, Pennsylvania",Eckhardt,Computer Science,TBA,,R
15997,Graduate Reading and Research,1-60,Schedule will be added,NA,NA,"Lisbon, Portugal",Crary,Computer Science,TBA,,PP
15997,Graduate Reading and Research,1-60,Schedule will be added,NA,NA,"Pittsburgh, Pennsylvania",Crary,Computer Science,TBA,,R
66501,Dietrich College Senior Honors Thesis I,9.0,Schedule will be added,NA,NA,"Pittsburgh, Pennsylvania",Instructor TBA,Dietrich College Interdisciplinary,DNM,DNM,A
66502,Dietrich College Senior Honors Thesis II,9.0,Schedule will be added,NA,NA,"Pittsburgh, Pennsylvania",Freeman,Dietrich College Interdisciplinary,DNM,DNM,S
54191,Acting for Non-Majors,9.0,Monday Tuesday Wednesday Thursday Friday,11:00AM,12:20PM,"Pittsburgh, Pennsylvania",Instructor TBA,Drama,PCA,321,A
54597,Graduate Reading & Research,5.0,Schedule will be added,NA,NA,"Pittsburgh, Pennsylvania",Nichols,Drama,TBA,,R
18390,ECE CO-OP,0-3,Schedule will be added,NA,NA,"Pittsburgh, Pennsylvania",Instructor TBA,Electrical & Computer Engineering,DNM,DNM,A
18499,Summer Internship,0-3,Schedule will be added,NA,NA,"Pittsburgh, Pennsylvania",Bain,Electrical & Computer Engineering,TBA,,A
18580,Undergraduate Projects,VAR,Schedule will be added,NA,NA,"Pittsburgh, Pennsylvania",Bain,Electrical & Computer Engineering,DNM,DNM,A
18613,Foundations of Computer Systems,12.0,Tuesday Wednesday Thursday,09:30AM,10:50AM,"Pittsburgh, Pennsylvania",Kesden,Electrical & Computer Engineering,CMU,REMOTE,A
18613,Foundations of Computer Systems,12.0,Tuesday Wednesday Thursday,06:30AM,07:50AM,"San Jose, California",Kesden,Electrical & Computer Engineering,CMU,REMOTE,SV
18980,M.S. Graduate Project I,0-48,Schedule will be added,NA,NA,"Pittsburgh, Pennsylvania",Bain,Electrical & Computer Engineering,DNM,DNM,A
18980,M.S. Graduate Project I,0-48,Schedule will be added,NA,NA,"Pittsburgh, Pennsylvania",Bain,Electrical & Computer Engineering,DNM,DNM,B
18980,M.S. Graduate Project I,0-48,Schedule will be added,NA,NA,"Kigali, Rwanda",Bain,Electrical & Computer Engineering,DNM,DNM,R
18980,M.S. Graduate Project I,0-48,Schedule will be added,NA,NA,"San Jose, California",Bain,Electrical & Computer Engineering,DNM,DNM,SV
18990,Reading and Research,0-48,Schedule will be added,NA,NA,"Pittsburgh, Pennsylvania",Bain,Electrical & Computer Engineering,DNM,DNM,A
18990,Reading and Research,0-48,Schedule will be added,NA,NA,"Lisbon, Portugal",Bain,Electrical & Computer Engineering,DNM,DNM,PP
18990,Reading and Research,0-48,Schedule will be added,NA,NA,"Pittsburgh, Pennsylvania",Bain,Electrical & Computer Engineering,DNM,DNM,R
18990,Reading and Research,0-48,Schedule will be added,NA,NA,"San Jose, California",Bain,Electrical & Computer Engineering,DNM,DNM,SV
18993,Internship for Electrical and Computer Engineering Applied MS Students,0.0,Schedule will be added,NA,NA,"Pittsburgh, Pennsylvania",Bain,Electrical & Computer Engineering,DNM,DNM,A
18993,Internship for Electrical and Computer Engineering Applied MS Students,0.0,Schedule will be added,NA,NA,"Pittsburgh, Pennsylvania",Bain,Electrical & Computer Engineering,DNM,DNM,B
18993,Internship for Electrical and Computer Engineering Applied MS Students,0.0,Schedule will be added,NA,NA,"San Jose, California",Bain,Electrical & Computer Engineering,DNM,DNM,SA
18993,Internship for Electrical and Computer Engineering Applied MS Students,0.0,Schedule will be added,NA,NA,"San Jose, California",Bain,Electrical & Computer Engineering,DNM,DNM,SB
18993,Internship for Electrical and Computer Engineering Applied MS Students,0.0,Schedule will be added,NA,NA,"San Jose, California",Bain,Electrical & Computer Engineering,DNM,DNM,SV
18994,Internship for Electrical and Computer Engineering MS Students,3.0,Schedule will be added,NA,NA,"Pittsburgh, Pennsylvania",Bain,Electrical & Computer Engineering,DNM,DNM,A
18994,Internship for Electrical and Computer Engineering MS Students,3.0,Schedule will be added,NA,NA,"Lisbon, Portugal",Bain,Electrical & Computer Engineering,DNM,DNM,PP
18994,Internship for Electrical and Computer Engineering MS Students,3.0,Schedule will be added,NA,NA,"San Jose, California",Bain,Electrical & Computer Engineering,DNM,DNM,SV
18995,Practicum in Electrical and Computer Engineering,0-36,Schedule will be added,NA,NA,"Pittsburgh, Pennsylvania",Bain,Electrical & Computer Engineering,DNM,DNM,A
18995,Practicum in Electrical and Computer Engineering,0-36,Schedule will be added,NA,NA,"Kigali, Rwanda",Bain,Electrical & Computer Engineering,DNM,DNM,R
18996,Internship one for Electrical and Computer Engineering PhD Students,VAR,Schedule will be added,NA,NA,"Pittsburgh, Pennsylvania",Bain,Electrical & Computer Engineering,DNM,DNM,A
18996,Internship one for Electrical and Computer Engineering PhD Students,VAR,Schedule will be added,NA,NA,"Lisbon, Portugal",Bain,Electrical & Computer Engineering,DNM,DNM,PP
18996,Internship one for Electrical and Computer Engineering PhD Students,VAR,Schedule will be added,NA,NA,"San Jose, California",Bain,Electrical & Computer Engineering,DNM,DNM,SV
18997,Internship Two for Electrical and Computer Engineering PhD Students,VAR,Schedule will be added,NA,NA,"Pittsburgh, Pennsylvania",Bain,Electrical & Computer Engineering,DNM,DNM,A
18997,Internship Two for Electrical and Computer Engineering PhD Students,VAR,Schedule will be added,NA,NA,"Lisbon, Portugal",Bain,Electrical & Computer Engineering,DNM,DNM,PP
18997,Internship Two for Electrical and Computer Engineering PhD Students,VAR,Schedule will be added,NA,NA,"San Jose, California",Bain,Electrical & Computer Engineering,DNM,DNM,SV
18998,Internship Three Electrical and Computer Engineering PhD Students,VAR,Schedule will be added,NA,NA,"Pittsburgh, Pennsylvania",Bain,Electrical & Computer Engineering,DNM,DNM,A
18998,Internship Three Electrical and Computer Engineering PhD Students,VAR,Schedule will be added,NA,NA,"Lisbon, Portugal",Bain,Electrical & Computer Engineering,DNM,DNM,PP
18998,Internship Three Electrical and Computer Engineering PhD Students,VAR,Schedule will be added,NA,NA,"San Jose, California",Bain,Electrical & Computer Engineering,DNM,DNM,SV
19500,Directed Study in EPP: Undergraduate,0-12,Schedule will be added,NA,NA,"Pittsburgh, Pennsylvania",Matthews,Engineering & Public Policy,DNM,DNM,A
19550,Undergraduate Research,0-12,Schedule will be added,NA,NA,"Pittsburgh, Pennsylvania",Matthews,Engineering & Public Policy,DNM,DNM,A
19690,M.S. Project,3-12,Schedule will be added,NA,NA,"Pittsburgh, Pennsylvania","Matthews, Yu",Engineering & Public Policy,DNM,DNM,A
19770,Research Practicum in EPP,051836,Schedule will be added,NA,NA,"Pittsburgh, Pennsylvania","Matthews, Muller",Engineering & Public Policy,DNM,DNM,R
19797,Reading and Research: Project Research,51836,Schedule will be added,NA,NA,"Lisbon, Portugal","Matthews, Muller",Engineering & Public Policy,TBA,,PP
19797,Reading and Research: Project Research,51836,Schedule will be added,NA,NA,"Pittsburgh, Pennsylvania","Muller, Matthews",Engineering & Public Policy,TBA,,R
19798,Reading and Research: Thesis Research,51836,Schedule will be added,NA,NA,"Lisbon, Portugal","Muller, Matthews",Engineering & Public Policy,TBA,,PP
19798,Reading and Research: Thesis Research,51836,Schedule will be added,NA,NA,"Pittsburgh, Pennsylvania","Matthews, Muller",Engineering & Public Policy,TBA,,R
19798,Politics & Ideology in the Marvel Cinematic Universe,51836,Monday Tuesday Wednesday Thursday Friday,12:30PM,01:50PM,"Pittsburgh, Pennsylvania",Wigginton,English,CMU,REMOTE,S
19798,Interpretation and Argument:,51836,Day not scheduled,NA,NA,NA,NA,English,NA,,NA
19798,AI & Art: Can Machines Tell Our Stories?,51836,Monday Tuesday Wednesday Thursday Friday,12:30PM,01:50PM,"Pittsburgh, Pennsylvania",Szalkowski-Ference,English,CMU,REMOTE,T
76229,Special Topics in Creative Writing:,9.0,Day not scheduled,NA,NA,NA,NA,English,NA,,NA
76229,"Science Fiction, Fantasy, & Horror",9.0,Monday Tuesday Wednesday Thursday Friday,03:30PM,04:50PM,"Pittsburgh, Pennsylvania",Turnshek,English,CMU,REMOTE,S
76239,Introduction to Film Studies,9.0,Monday Tuesday Wednesday Thursday Friday,11:00AM,12:20PM,"Pittsburgh, Pennsylvania",Shumway,English,CMU,REMOTE,S
76241,Introduction to Gender Studies,9.0,Monday Tuesday Wednesday Thursday Friday,09:30AM,10:50AM,"Pittsburgh, Pennsylvania",Aguiar,English,CMU,REMOTE,S
76270,Writing for the Professions:,9.0,Day not scheduled,NA,NA,NA,NA,English,NA,,NA
76270,"Communicating Inclusively, Equitably, and Persuasively in the Workplace",9.0,Monday Tuesday Wednesday Thursday Friday,03:30PM,04:50PM,"Pittsburgh, Pennsylvania",Rosselot-Merritt,English,CMU,REMOTE,S
76270,"Communicating Inclusively, Equitably, and Persuasively in the Workplace",9.0,Monday Tuesday Wednesday Thursday Friday,08:00AM,09:20AM,"Pittsburgh, Pennsylvania",Gordon,English,CMU,REMOTE,T
76456,Independent Study in Film & Media Studies,VAR,Schedule will be added,NA,NA,"Pittsburgh, Pennsylvania",Instructor TBA,English,DNM,DNM,S
76456,Independent Study in Film & Media Studies,VAR,Schedule will be added,NA,NA,"Pittsburgh, Pennsylvania",Hinkelman,English,DNM,DNM,T
76707,Independent Study in Professional Writing,3-18,Schedule will be added,NA,NA,"Pittsburgh, Pennsylvania",Ritivoi,English,DNM,DNM,S
76824,Theory and Design of Writing Instruction,12.0,Schedule will be added,NA,NA,"Pittsburgh, Pennsylvania",Wetzel,English,DNM,DNM,A
76900,Independent Study in Rhetoric,3-18,Schedule will be added,NA,NA,"Pittsburgh, Pennsylvania",Wolfe,English,DNM,DNM,A
76990,Graduate Reading and Research,36.0,Schedule will be added,NA,NA,"Pittsburgh, Pennsylvania",Instructor TBA,English,DNM,DNM,R
53689,Entertainment Technology Center Independent Study,3-30,Schedule will be added,NA,NA,"Pittsburgh, Pennsylvania",Instructor TBA,Entertainment Technology,DNM,DNM,A
53999,ETC Reading and Research,3-36,Schedule will be added,NA,NA,"Pittsburgh, Pennsylvania",Instructor TBA,Entertainment Technology,DNM,DNM,R
94900,Internship,0.0,Schedule will be added,NA,NA,"Pittsburgh, Pennsylvania",Delfine,Heinz College Wide Courses,TBA,,A
79893,History Dissertation,5-36,Schedule will be added,NA,NA,"Pittsburgh, Pennsylvania",Phillips,History,TBA,,S
79896,Graduate Reading and Research,36.0,Schedule will be added,NA,NA,"Pittsburgh, Pennsylvania",Instructor TBA,History,TBA,,R
05672,MHCI Project II,48.0,Tuesday Thursday,02:00PM,03:20PM,"Pittsburgh, Pennsylvania","Beck, Guidi, Hammer, Levin-Decanini, Saunders, Shelly, Tsai, Vinchesi, Wahila",Human-Computer Interaction,3SC,172,A
05680,Independent Study in HCI - METALS,VAR,Schedule will be added,NA,NA,"Pittsburgh, Pennsylvania","Bodnar, Bett",Human-Computer Interaction,DNM,DNM,A
05680,Independent Study in HCI - METALS,VAR,Schedule will be added,NA,NA,"Pittsburgh, Pennsylvania","Bett, Bodnar",Human-Computer Interaction,DNM,DNM,B
05682,METALS Project 2,48.0,Wednesday,03:30PM,05:20PM,"Pittsburgh, Pennsylvania","McLaren, Koedinger",Human-Computer Interaction,TEP,1403,A
05683,METALS Capstone II Part I,24.0,Wednesday,03:30PM,05:20PM,"Pittsburgh, Pennsylvania","McLaren, Koedinger",Human-Computer Interaction,CMU,REMOTE,S
05689,Independent Study in HCI - Grad,0-48,Schedule will be added,NA,NA,"Pittsburgh, Pennsylvania",Willis,Human-Computer Interaction,TBA,,A
05689,Independent Study in HCI - Grad,0-48,Schedule will be added,NA,NA,"Pittsburgh, Pennsylvania",Willis,Human-Computer Interaction,TBA,,B
05888,Practicum in HCI:,3-48,Day not scheduled,NA,NA,NA,NA,Human-Computer Interaction,NA,,NA
05888,Practicum in HCI,3-48,Schedule will be added,NA,NA,"Pittsburgh, Pennsylvania","Bigham, Kravitz",Human-Computer Interaction,DNM,DNM,A
05888,Practicum in HCI:,3-48,Day not scheduled,NA,NA,NA,NA,Human-Computer Interaction,NA,,NA
05888,Practicum in HCI,3-48,Schedule will be added,NA,NA,"Pittsburgh, Pennsylvania","Bigham, Kravitz",Human-Computer Interaction,DNM,DNM,R
05997,Reading and Research in HCI,24-48,Schedule will be added,NA,NA,"Pittsburgh, Pennsylvania","Kravitz, Bigham",Human-Computer Interaction,DNM,DNM,R
05997,Silicon Valley Residency,24-48,Schedule will be added,NA,NA,"San Jose, California",Instructor TBA,Information Networking Institute,DNM,DNM,A
14700,INI Project/Thesis Research,0-36,Schedule will be added,NA,NA,"Pittsburgh, Pennsylvania",Tsamitis,Information Networking Institute,DNM,DNM,A
14706,Information Networking Project,0-42,Schedule will be added,NA,NA,"Pittsburgh, Pennsylvania",Tsamitis,Information Networking Institute,DNM,DNM,A
14707,Information Networking Thesis,6-42,Schedule will be added,NA,NA,"Pittsburgh, Pennsylvania",Tsamitis,Information Networking Institute,DNM,DNM,A
14708,INI Independent Study,0-12,Schedule will be added,NA,NA,"Pittsburgh, Pennsylvania",Tsamitis,Information Networking Institute,DNM,DNM,A
14708,INI Independent Study,0-12,Schedule will be added,NA,NA,"San Jose, California",Tsamitis,Information Networking Institute,DNM,DNM,B
14709,INI Project-Japan,0-42,Schedule will be added,NA,NA,"Pittsburgh, Pennsylvania",Tsamitis,Information Networking Institute,TBA,,A
67357,Healthcare Analytics and Big Data,9.0,Sunday Monday Tuesday Wednesday Thursday,11:00AM,12:30PM,"Doha, Qatar",Liginlal,Information Systems Program,CMB,2062,W
67390,Independent Study in Information Systems,1-12,Schedule will be added,NA,NA,"Pittsburgh, Pennsylvania",Heimann,Information Systems Program,TBA,,A
67390,Independent Study in Information Systems,1-12,Schedule will be added,NA,NA,"Pittsburgh, Pennsylvania",Sooriamurthi,Information Systems Program,TBA,,B
67390,Independent Study in Information Systems,1-12,Schedule will be added,NA,NA,"Pittsburgh, Pennsylvania",Quesenberry,Information Systems Program,TBA,,C
67390,Independent Study in Information Systems,1-12,Schedule will be added,NA,NA,"Pittsburgh, Pennsylvania",Hagan,Information Systems Program,TBA,,D
67393,Guided Research in Information Systems,VAR,Schedule will be added,NA,NA,"Pittsburgh, Pennsylvania",Heimann,Information Systems Program,TBA,,A
67393,Guided Research in Information Systems,VAR,Schedule will be added,NA,NA,"Pittsburgh, Pennsylvania",Sooriamurthi,Information Systems Program,TBA,,B
67393,Guided Research in Information Systems,VAR,Schedule will be added,NA,NA,"Pittsburgh, Pennsylvania",Quesenberry,Information Systems Program,TBA,,C
67393,Guided Research in Information Systems,VAR,Schedule will be added,NA,NA,"Pittsburgh, Pennsylvania",Hagan,Information Systems Program,TBA,,D
67393,Guided Research in Information Systems,VAR,Schedule will be added,NA,NA,"Pittsburgh, Pennsylvania",Tu,Information Systems Program,TBA,,L
67393,Guided Research in Information Systems,VAR,Schedule will be added,NA,NA,"Pittsburgh, Pennsylvania",Huang,Information Systems Program,TBA,,M
67393,Guided Research in Information Systems,VAR,Schedule will be added,NA,NA,"Pittsburgh, Pennsylvania",Poepping,Information Systems Program,TBA,,N
67393,Guided Research in Information Systems,VAR,Schedule will be added,NA,NA,"Pittsburgh, Pennsylvania",Liginlal,Information Systems Program,TBA,,O
67505,Information Systems Internship,1-3,Schedule will be added,NA,NA,"Pittsburgh, Pennsylvania",Avery,Information Systems Program,DNM,DNM,A
67505,Information Systems Internship,1-3,Schedule will be added,NA,NA,"Pittsburgh, Pennsylvania",Dandoy,Information Systems Program,DNM,DNM,B
67505,Information Systems Internship,1-3,Schedule will be added,NA,NA,"Pittsburgh, Pennsylvania",Di Lisio,Information Systems Program,DNM,DNM,C
67505,Information Systems Internship,1-3,Schedule will be added,NA,NA,"Pittsburgh, Pennsylvania",Lutz,Information Systems Program,DNM,DNM,D
67505,Information Systems Internship,1-3,Schedule will be added,NA,NA,"Doha, Qatar",Instructor TBA,Information Systems Program,DNM,DNM,W
95565,Introduction to Information Security,9.0,Tuesday Thursday,02:00PM,03:20PM,"Pittsburgh, Pennsylvania",Trzeciak,Information Systems:Sch of IS & Mgt,HBH,1004,A
95568,Data Management and Security,9.0,Tuesday Thursday,03:30PM,04:50PM,"Pittsburgh, Pennsylvania",Sooriamurthi,Information Systems:Sch of IS & Mgt,HBH,1004,A
95705,Telecommunications Management,12.0,Schedule will be added,NA,NA,"Pittsburgh, Pennsylvania",Yucel,Information Systems:Sch of IS & Mgt,TBA,,Z
95720,Information Systems Project,0-24,Schedule will be added,NA,NA,"Pittsburgh, Pennsylvania",Instructor TBA,Information Systems:Sch of IS & Mgt,DNM,DNM,A
95720,Information Systems Project,0-24,Schedule will be added,NA,NA,"Pittsburgh, Pennsylvania",Instructor TBA,Information Systems:Sch of IS & Mgt,DNM,DNM,B
95720,Information Systems Project,0-24,Schedule will be added,NA,NA,"Pittsburgh, Pennsylvania",Instructor TBA,Information Systems:Sch of IS & Mgt,TBA,,C
95720,Information Systems Project,0-24,Schedule will be added,NA,NA,"Pittsburgh, Pennsylvania",Instructor TBA,Information Systems:Sch of IS & Mgt,TBA,,D
95720,Information Systems Project,0-24,Schedule will be added,NA,NA,"Pittsburgh, Pennsylvania",Instructor TBA,Information Systems:Sch of IS & Mgt,DNM,DNM,Z
95752,Introduction to Information Security Management,12.0,Schedule will be added,NA,NA,"Pittsburgh, Pennsylvania",Trzeciak,Information Systems:Sch of IS & Mgt,TBA,,Z
95900,Internship,0-6,Schedule will be added,NA,NA,"Pittsburgh, Pennsylvania",Beggs,Information Systems:Sch of IS & Mgt,TBA,,A
95901,Independent Study,1-24,Schedule will be added,NA,NA,"Pittsburgh, Pennsylvania",Instructor TBA,Information Systems:Sch of IS & Mgt,DNM,DNM,A
95902,Independent Study,1-24,Schedule will be added,NA,NA,"Pittsburgh, Pennsylvania",Instructor TBA,Information Systems:Sch of IS & Mgt,DNM,DNM,A
95903,Independent Study,1-24,Schedule will be added,NA,NA,"Pittsburgh, Pennsylvania",Instructor TBA,Information Systems:Sch of IS & Mgt,DNM,DNM,A
95904,Independent Study,1-24,Schedule will be added,NA,NA,"Pittsburgh, Pennsylvania",Instructor TBA,Information Systems:Sch of IS & Mgt,DNM,DNM,A
95905,Independent Study,1-24,Schedule will be added,NA,NA,"Pittsburgh, Pennsylvania",Instructor TBA,Information Systems:Sch of IS & Mgt,DNM,DNM,A
95906,Independent Study,6.0,Schedule will be added,NA,NA,"Pittsburgh, Pennsylvania",Instructor TBA,Information Systems:Sch of IS & Mgt,DNM,DNM,A
95907,Independent Study,1-24,Schedule will be added,NA,NA,"Pittsburgh, Pennsylvania",Instructor TBA,Information Systems:Sch of IS & Mgt,DNM,DNM,A
95908,Independent Study,1-24,Schedule will be added,NA,NA,"Pittsburgh, Pennsylvania",Instructor TBA,Information Systems:Sch of IS & Mgt,DNM,DNM,A
95909,Independent Study,1-24,Schedule will be added,NA,NA,"Pittsburgh, Pennsylvania",Instructor TBA,Information Systems:Sch of IS & Mgt,DNM,DNM,A
95910,Independent Study,1-24,Schedule will be added,NA,NA,"Pittsburgh, Pennsylvania",Instructor TBA,Information Systems:Sch of IS & Mgt,DNM,DNM,A
95911,Independent Study,1-24,Schedule will be added,NA,NA,"Pittsburgh, Pennsylvania",Instructor TBA,Information Systems:Sch of IS & Mgt,DNM,DNM,A
95912,Independent Study,1-24,Schedule will be added,NA,NA,"Pittsburgh, Pennsylvania",Instructor TBA,Information Systems:Sch of IS & Mgt,DNM,DNM,A
95913,Independent Study,1-24,Schedule will be added,NA,NA,"Pittsburgh, Pennsylvania",Instructor TBA,Information Systems:Sch of IS & Mgt,DNM,DNM,A
95914,Independent Study,1-24,Schedule will be added,NA,NA,"Pittsburgh, Pennsylvania",Instructor TBA,Information Systems:Sch of IS & Mgt,DNM,DNM,A
95915,Independent Study,1-24,Schedule will be added,NA,NA,"Pittsburgh, Pennsylvania",Instructor TBA,Information Systems:Sch of IS & Mgt,DNM,DNM,A
95915,Independent Study,1-24,Schedule will be added,NA,NA,"Pittsburgh, Pennsylvania",Instructor TBA,Institute for Politics and Strategy,DNM,DNM,B
84499,Independent Study,3-12,Schedule will be added,NA,NA,"Pittsburgh, Pennsylvania",Instructor TBA,Institute for Politics and Strategy,DNM,DNM,A
84499,Independent Study,3-12,Schedule will be added,NA,NA,"Pittsburgh, Pennsylvania",Instructor TBA,Institute for Politics and Strategy,DNM,DNM,B
84499,Independent Study,3-12,Schedule will be added,NA,NA,"Pittsburgh, Pennsylvania",Instructor TBA,Institute for Politics and Strategy,DNM,DNM,S
84505,Undergraduate Internship,369,Schedule will be added,NA,NA,"Pittsburgh, Pennsylvania",Half,Institute for Politics and Strategy,DNM,DNM,R
84705,CMIST Graduate Internship,VAR,Schedule will be added,NA,NA,"Pittsburgh, Pennsylvania",Gardner,Institute for Politics and Strategy,DNM,DNM,R
84781,MITS Capstone Project,36.0,Monday,10:00AM,10:50AM,"Pittsburgh, Pennsylvania",Gardner,Institute for Politics and Strategy,PH,A19,A
84798,Independent Study,VAR,Schedule will be added,NA,NA,"Pittsburgh, Pennsylvania",Instructor TBA,Institute for Politics and Strategy,DNM,DNM,A
84799,Graduate Thesis,18.0,Schedule will be added,NA,NA,"Pittsburgh, Pennsylvania",Instructor TBA,Institute for Politics and Strategy,DNM,DNM,A
49601,Innovation of Services & Experiences,10.0,Thursday,08:00PM,09:30PM,"Pittsburgh, Pennsylvania",Zlotnikov,Integrated Innovation Institute,TBA,,A
49602,Designing for Production and Sustainability,10.0,Monday,08:00PM,09:30PM,"Pittsburgh, Pennsylvania",Instructor TBA,Integrated Innovation Institute,TBA,,A
49603,Cyber-Physical Product Design,10.0,Tuesday,08:00PM,09:30PM,"Pittsburgh, Pennsylvania",Instructor TBA,Integrated Innovation Institute,TBA,,A
49790,Software Management Independent Study,361224,Schedule will be added,NA,NA,"San Jose, California",Mercier,Integrated Innovation Institute,DNM,DNM,A
49791,Software Management Capstone Project,361224,Schedule will be added,NA,NA,"San Jose, California",Mercier,Integrated Innovation Institute,DNM,DNM,A
11633,MCDS Independent Study,3-36,Schedule will be added,NA,NA,"Pittsburgh, Pennsylvania",Rose,Language Technologies Institute,DNM,DNM,A
11637,Foundations of Computational Data Science,12.0,Tuesday,08:00AM,09:20AM,"Pittsburgh, Pennsylvania","Rose, Han",Language Technologies Institute,DNM,DNM,A
11910,Directed Research,1-48,Schedule will be added,NA,NA,"Lisbon, Portugal","Callan, Frederking",Language Technologies Institute,TBA,,PP
11910,Directed Research,1-48,Schedule will be added,NA,NA,"Pittsburgh, Pennsylvania","Callan, Frederking",Language Technologies Institute,TBA,,R
11910,Directed Research,1-48,Schedule will be added,NA,NA,"Pittsburgh, Pennsylvania","Frederking, Callan",Language Technologies Institute,TBA,,S
11920,Independent Study: Breadth,1-48,Schedule will be added,NA,NA,"Pittsburgh, Pennsylvania","Callan, Frederking",Language Technologies Institute,TBA,,R
11925,Independent Study: Area,1-48,Schedule will be added,NA,NA,"Pittsburgh, Pennsylvania",Instructor TBA,Language Technologies Institute,TBA,,R
11927,MIIS Capstone Project,36.0,Schedule will be added,NA,NA,"Pittsburgh, Pennsylvania",Instructor TBA,Language Technologies Institute,DNM,DNM,A
11930,Dissertation Research,1-48,Schedule will be added,NA,NA,"Lisbon, Portugal",Callan,Language Technologies Institute,TBA,,PP
11930,Dissertation Research,1-48,Schedule will be added,NA,NA,"Pittsburgh, Pennsylvania",Callan,Language Technologies Institute,TBA,,R
11935,LTI Practicum,1-36,Schedule will be added,NA,NA,"Pittsburgh, Pennsylvania",Callan,Language Technologies Institute,DNM,DNM,P
11935,LTI Practicum,1-36,Schedule will be added,NA,NA,"Pittsburgh, Pennsylvania",Frederking,Language Technologies Institute,DNM,DNM,R
11936,PhD Internship,VAR,Schedule will be added,NA,NA,"Pittsburgh, Pennsylvania",Callan,Language Technologies Institute,DNM,DNM,P
11936,PhD Internship,VAR,Schedule will be added,NA,NA,"Pittsburgh, Pennsylvania",Instructor TBA,Language Technologies Institute,DNM,DNM,S
38110,ENGAGE in Service,1.0,Schedule will be added,NA,NA,"Pittsburgh, Pennsylvania",Hovis,MCS Interdisciplinary,DNM,DNM,A
38220,ENGAGE in the Arts,2.0,Schedule will be added,NA,NA,"Pittsburgh, Pennsylvania",Hovis,MCS Interdisciplinary,DNM,DNM,A
10500,Senior Research Project,612,Schedule will be added,NA,NA,"Pittsburgh, Pennsylvania",Gormley,Machine Learning,TBA,,R
10520,Independent Study,VAR,Schedule will be added,NA,NA,"Pittsburgh, Pennsylvania",Gormley,Machine Learning,DNM,DNM,A
10601,Introduction to Machine Learning (Master's),12.0,Monday Tuesday Wednesday Thursday,09:30AM,10:50AM,"Pittsburgh, Pennsylvania",Chai,Machine Learning,SH,105,A
10620,Independent Study: Research,612,Schedule will be added,NA,NA,"Pittsburgh, Pennsylvania",Shah,Machine Learning,DNM,DNM,A
10697,Reading and Research,1-48,Schedule will be added,NA,NA,"Pittsburgh, Pennsylvania",Shah,Machine Learning,DNM,DNM,R
10920,Graduate Reading and Research,12-48,Schedule will be added,NA,NA,"Pittsburgh, Pennsylvania",Mitchell,Machine Learning,DNM,DNM,R
10930,Dissertation Research,5-48,Schedule will be added,NA,NA,"Pittsburgh, Pennsylvania",Mitchell,Machine Learning,DNM,DNM,R
27390,Internship,0-3,Schedule will be added,NA,NA,"Pittsburgh, Pennsylvania",Houser,Materials Science & Engineering,TBA,,A
27454,Supervised Reading,3-12,Schedule will be added,NA,NA,"Pittsburgh, Pennsylvania",Houser,Materials Science & Engineering,TBA,,A
27555,Materials Project I,69,Schedule will be added,NA,NA,"Pittsburgh, Pennsylvania",Houser,Materials Science & Engineering,TBA,,A
27556,Materials Project II,69,Schedule will be added,NA,NA,"Pittsburgh, Pennsylvania",Houser,Materials Science & Engineering,TBA,,A
27675,Masters Report,0.0,Schedule will be added,NA,NA,"Pittsburgh, Pennsylvania",Houser,Materials Science & Engineering,TBA,,A
27756,Masters Project,1-99,Schedule will be added,NA,NA,"Pittsburgh, Pennsylvania",Houser,Materials Science & Engineering,TBA,,A
27773,Graduate Reading and Research,51836,Schedule will be added,NA,NA,"Pittsburgh, Pennsylvania","Dickey, Smith",Materials Science & Engineering,TBA,,R
27775,Thesis,1-99,Schedule will be added,NA,NA,"Pittsburgh, Pennsylvania",Dickey,Materials Science & Engineering,TBA,,A
27995,Internship,1-48,Schedule will be added,NA,NA,"Pittsburgh, Pennsylvania",Dickey,Materials Science & Engineering,TBA,,A
27995,Internship,1-48,Schedule will be added,NA,NA,"Pittsburgh, Pennsylvania",Dickey,Materials Science & Engineering,TBA,,R
21122,Integration and Approximation,10.0,Monday Tuesday Wednesday Thursday Friday,12:30PM,01:50PM,"Pittsburgh, Pennsylvania",Flaherty,Mathematical Sciences,HH,B103,S
21122,Integration and Approximation,10.0,Sunday Monday Tuesday Wednesday Thursday,11:00AM,12:30PM,"Doha, Qatar",Instructor TBA,Mathematical Sciences,TBA,,W
21127,Concepts of Mathematics,12.0,Monday Tuesday Wednesday Thursday Friday,11:00AM,12:20PM,"Pittsburgh, Pennsylvania",Abdelghany,Mathematical Sciences,SH,105,S
21241,Matrices and Linear Transformations,12.0,Monday Tuesday Wednesday Thursday Friday,09:30AM,10:50AM,"Pittsburgh, Pennsylvania",Handron,Mathematical Sciences,BH,A36,S
21259,Calculus in Three Dimensions,10.0,Monday Tuesday Wednesday Thursday Friday,12:30PM,01:50PM,"Pittsburgh, Pennsylvania",Johnson,Mathematical Sciences,DH,1212,S
21260,Differential Equations,9.0,Monday Tuesday Wednesday Thursday Friday,11:00AM,12:20PM,"Pittsburgh, Pennsylvania",Handron,Mathematical Sciences,HH,B103,S
21325,Probability,9.0,Monday Tuesday Wednesday Thursday Friday,12:30PM,01:50PM,"Pittsburgh, Pennsylvania",Newman,Mathematical Sciences,DH,1211,S
21355,Principles of Real Analysis I,9.0,Monday Tuesday Wednesday Thursday Friday,11:00AM,12:20PM,"Pittsburgh, Pennsylvania",Flaherty,Mathematical Sciences,DH,1211,S
21599,Undergraduate Reading and Research,0-99,Schedule will be added,NA,NA,"Pittsburgh, Pennsylvania",Instructor TBA,Mathematical Sciences,DNM,DNM,A
21599,Undergraduate Reading and Research,0-99,Schedule will be added,NA,NA,"Pittsburgh, Pennsylvania",Instructor TBA,Mathematical Sciences,DNM,DNM,S
21900,Reading and Research,0-99,Schedule will be added,NA,NA,"Pittsburgh, Pennsylvania",Conley,Mathematical Sciences,DNM,DNM,R
21901,Master's Degree Research,0-99,Schedule will be added,NA,NA,"Pittsburgh, Pennsylvania",Instructor TBA,Mathematical Sciences,DNM,DNM,A
21902,Doctoral Thesis Research,0-99,Schedule will be added,NA,NA,"Pittsburgh, Pennsylvania",Conley,Mathematical Sciences,DNM,DNM,R
24391,Mechanical Engineering Project,"3-12,18",Schedule will be added,NA,NA,"Pittsburgh, Pennsylvania",Hertz,Mechanical Engineering,DNM,DNM,A
24391,Mechanical Engineering Project,"3-12,18",Schedule will be added,NA,NA,"Pittsburgh, Pennsylvania",Hertz,Mechanical Engineering,DNM,DNM,S
24392,Mechanical Engineering Project,3-18,Schedule will be added,NA,NA,"Pittsburgh, Pennsylvania",Hertz,Mechanical Engineering,DNM,DNM,A
24392,Mechanical Engineering Project,3-18,Schedule will be added,NA,NA,"Pittsburgh, Pennsylvania",Hertz,Mechanical Engineering,DNM,DNM,S
24491,Department Research Honors,3-24,Schedule will be added,NA,NA,"Pittsburgh, Pennsylvania",Hertz,Mechanical Engineering,DNM,DNM,A
24491,Department Research Honors,3-24,Schedule will be added,NA,NA,"Pittsburgh, Pennsylvania",Hertz,Mechanical Engineering,DNM,DNM,S
24492,Department Research Honors,3-24,Schedule will be added,NA,NA,"Pittsburgh, Pennsylvania",Hertz,Mechanical Engineering,DNM,DNM,A
24492,Department Research Honors,3-24,Schedule will be added,NA,NA,"Pittsburgh, Pennsylvania",Hertz,Mechanical Engineering,DNM,DNM,S
24793,Supervised Reading,0-99,Schedule will be added,NA,NA,"Pittsburgh, Pennsylvania",Hertz,Mechanical Engineering,DNM,DNM,A
24794,Master of Science Project,0-99,Schedule will be added,NA,NA,"Pittsburgh, Pennsylvania",Hertz,Mechanical Engineering,DNM,DNM,A
24796,Graduate Reading and Research,0-99,Schedule will be added,NA,NA,"Pittsburgh, Pennsylvania",Hertz,Mechanical Engineering,DNM,DNM,R
92897,Health Care Quality,4.0,Schedule will be added,NA,NA,"Pittsburgh, Pennsylvania",Block,Medical Management:Sch of Pub Pol & Mgt,TBA,,A
82103,Elementary French I Online,12.0,Schedule will be added,NA,NA,"Pittsburgh, Pennsylvania",Niang,Modern Languages,TBA,,S
82133,Elementary Chinese Online I,12.0,Schedule will be added,NA,NA,"Pittsburgh, Pennsylvania",Wu,Modern Languages,TBA,,S
82134,Elementary Chinese Online II,12.0,Schedule will be added,NA,NA,"Pittsburgh, Pennsylvania",Wu,Modern Languages,TBA,,S
82139,"Chinese Language, Culture and Society",9.0,Schedule will be added,NA,NA,"Pittsburgh, Pennsylvania",Wu,Modern Languages,TBA,,S
82146,Intensive Spanish Language and Culture: Elementary Level,3-18,Schedule will be added,NA,NA,"Pittsburgh, Pennsylvania",Tardio,Modern Languages,DNM,DNM,S
82171,Elementary Japanese I,12.0,Monday Tuesday Wednesday Thursday Friday,08:00AM,09:20AM,"Pittsburgh, Pennsylvania",Zhan,Modern Languages,CMU,REMOTE,S
82172,Elementary Japanese II,12.0,Monday Tuesday Wednesday Thursday Friday,09:30AM,10:50PM,"Pittsburgh, Pennsylvania",Yasuhara,Modern Languages,CMU,REMOTE,S
82272,Intermediate Japanese II,12.0,Monday Tuesday Wednesday Thursday Friday,12:30PM,01:50PM,"Pittsburgh, Pennsylvania",Yasuhara,Modern Languages,PH,125B,S
82275,Queer Representations in Contemporary Literature and Culture from Japan,9.0,Monday Tuesday Wednesday Thursday Friday,12:30PM,01:50PM,"Pittsburgh, Pennsylvania",Lowy,Modern Languages,CMU,REMOTE,S
82278,Japanese Film and Literature: The Art of Storytelling,9.0,Monday Tuesday Wednesday Thursday Friday,09:30AM,10:50AM,"Pittsburgh, Pennsylvania",Zhan,Modern Languages,CMU,REMOTE,S
82279,Anime - Visual Interplay between Japan and the World,9.0,Monday Tuesday Wednesday Thursday Friday,11:00AM,12:20PM,"Pittsburgh, Pennsylvania",Yasuhara,Modern Languages,CMU,REMOTE,S
82283,Language Diversity & Cultural Identity,9.0,Monday Tuesday Wednesday Thursday Friday,09:30AM,10:50AM,"Pittsburgh, Pennsylvania",Instructor TBA,Modern Languages,PH,126A,S
82293,Russian Cinema: From the Bolshevik Revolution to Putin's Russia,9.0,Monday Tuesday Wednesday Thursday Friday,11:00AM,12:20PM,"Pittsburgh, Pennsylvania",Kats,Modern Languages,PH,A19,S
82295,20th Century Russian Masterpieces,9.0,Monday Tuesday Wednesday Thursday Friday,12:30PM,01:50PM,"Pittsburgh, Pennsylvania",Kats,Modern Languages,PH,A19,S
82346,Intensive Spanish Language and Culture: Advanced Level,1824,Schedule will be added,NA,NA,"Pittsburgh, Pennsylvania",Tardio,Modern Languages,DNM,DNM,S
82372,Advanced Japanese II,9.0,Monday Tuesday Wednesday Thursday Friday,11:00AM,12:20PM,"Pittsburgh, Pennsylvania",Yasuhara,Modern Languages,PH,125B,S
82412,Topics in Arabic Studies,9.0,Schedule will be added,NA,NA,"Doha, Qatar",Instructor TBA,Modern Languages,DNM,DNM,W
82444,The Structure of Spanish,6.0,Schedule will be added,NA,NA,"Pittsburgh, Pennsylvania",Tardio,Modern Languages,DNM,DNM,S
82451,Studies in Latin American Literature and Culture,9.0,Schedule will be added,NA,NA,"Pittsburgh, Pennsylvania",Tardio,Modern Languages,DNM,DNM,S
82505,Undergraduate Internship,1-18,Schedule will be added,NA,NA,"Pittsburgh, Pennsylvania",Instructor TBA,Modern Languages,DNM,DNM,S
82988,Graduate Reading and Research,51836,Schedule will be added,NA,NA,"Pittsburgh, Pennsylvania",Instructor TBA,Modern Languages,TBA,,R
82988,Graduate Reading and Research,51836,Schedule will be added,NA,NA,"Pittsburgh, Pennsylvania",Instructor TBA,Modern Languages,DNM,DNM,RA
82988,Graduate Reading and Research,51836,Schedule will be added,NA,NA,"Pittsburgh, Pennsylvania",Instructor TBA,Modern Languages,DNM,DNM,RB
82988,Graduate Reading and Research,51836,Schedule will be added,NA,NA,"Pittsburgh, Pennsylvania",Instructor TBA,Modern Languages,DNM,DNM,RC
82989,Second Language Acquisition Dissertation Research,3-36,Schedule will be added,NA,NA,"Pittsburgh, Pennsylvania",Instructor TBA,Modern Languages,DNM,DNM,A
57173,Survey of Western Music History,9.0,Monday Tuesday Wednesday Thursday,09:00AM,10:50AM,"Pittsburgh, Pennsylvania",Johnston,Music,CMU,REMOTE,S
57188,Repertoire and Listening for Musicians,1.0,Schedule will be added,NA,NA,"Pittsburgh, Pennsylvania",Johnston,Music,DNM,DNM,S
57690,Practicum,0-3,Schedule will be added,NA,NA,"Pittsburgh, Pennsylvania",Johnston,Music,DNM,DNM,R
57690,Practicum,0-3,Schedule will be added,NA,NA,"Pittsburgh, Pennsylvania",Instructor TBA,Neuroscience Institute,TBA,,S
86800,PhD Thesis Research,6-60,Schedule will be added,NA,NA,"Pittsburgh, Pennsylvania",Stupka,Neuroscience Institute,TBA,,R
80210,Logic and Proofs,9.0,Tuesday Thursday,03:30PM,04:50PM,"Pittsburgh, Pennsylvania",Fechtner,Philosophy,PH,226C,S
80211,Logic and Mathematical Inquiry,9.0,Monday Tuesday Wednesday Thursday Friday,12:30PM,01:50PM,"Pittsburgh, Pennsylvania",Sheng,Philosophy,PH,126A,S
80212,Arguments and Logical Analysis,9.0,Monday Tuesday Wednesday Thursday Friday,09:30AM,10:50AM,"Pittsburgh, Pennsylvania",Milner,Philosophy,PH,226C,S
80495,Independent Study,36912,Schedule will be added,NA,NA,"Pittsburgh, Pennsylvania",Instructor TBA,Philosophy,TBA,,S
80990,Directed Reading,3-36,Schedule will be added,NA,NA,"Pittsburgh, Pennsylvania",Instructor TBA,Philosophy,TBA,,R
80991,Thesis Research,"5-18,24",Schedule will be added,NA,NA,"Pittsburgh, Pennsylvania",Instructor TBA,Philosophy,TBA,,R
80998,Reading and Research,VAR,Schedule will be added,NA,NA,"Pittsburgh, Pennsylvania",Bjorndahl,Philosophy,DNM,DNM,R
33100,Basic Experimental Physics,6.0,Monday Tuesday Wednesday,12:30PM,03:20PM,"Pittsburgh, Pennsylvania",Anderson,Physics,DH,A331,S
33104,Experimental Physics,9.0,Monday Tuesday Wednesday Thursday Friday,12:30PM,03:20PM,"Pittsburgh, Pennsylvania",Anderson,Physics,DH,A331,S
33124,Introduction to Astronomy,9.0,Monday Wednesday Friday,12:30PM,01:50PM,"Pittsburgh, Pennsylvania",Turnshek,Physics,WEH,8427,S
33141,Physics I for Engineering Students,12.0,Monday Tuesday Wednesday Thursday Friday,11:00AM,01:20PM,"Pittsburgh, Pennsylvania",Collins,Physics,DH,1212,S
33142,Physics II for Engineering and Physics Students,12.0,Monday Tuesday Wednesday Thursday Friday,12:30PM,02:50PM,"Pittsburgh, Pennsylvania",Instructor TBA,Physics,HH,B131,S
33495,Internship,3-36,Schedule will be added,NA,NA,"Pittsburgh, Pennsylvania",Dodelson,Physics,DNM,DNM,R
33997,Graduate Laboratory,1-36,Schedule will be added,NA,NA,"Pittsburgh, Pennsylvania",Deserno,Physics,DNM,DNM,R
33998,Thesis Research,1-36,Schedule will be added,NA,NA,"Pittsburgh, Pennsylvania",Deserno,Physics,DNM,DNM,R
85251,Personality:,9.0,Day not scheduled,NA,NA,NA,NA,Psychology,NA,,NA
85251,Personality,9.0,Monday Tuesday Wednesday Thursday Friday,09:30AM,10:50AM,"Pittsburgh, Pennsylvania",Crittenden,Psychology,TBA,,S
85480,Internship in Clinical Psychology,6-12,Schedule will be added,NA,NA,"Pittsburgh, Pennsylvania",Crittenden,Psychology,TBA,,A
85482,Internship in Psychology,3-12,Schedule will be added,NA,NA,"Pittsburgh, Pennsylvania",Thiessen,Psychology,TBA,,A
85781,Graduate Reading and Research,0-99,Schedule will be added,NA,NA,"Pittsburgh, Pennsylvania",Creswell,Psychology,DNM,DNM,R
85781,Graduate Reading and Research,0-99,Schedule will be added,NA,NA,"Pittsburgh, Pennsylvania",Instructor TBA,Psychology,DNM,DNM,S
91889,Internship,0-6,Schedule will be added,NA,NA,"Pittsburgh, Pennsylvania",Instructor TBA,Public Management:Sch of Pub Pol & Mgt,TBA,,A
90452,Applied Statistics for Public Policy,9.0,Monday Wednesday,02:00PM,03:50PM,"Pittsburgh, Pennsylvania",Instructor TBA,Public Policy & Mgt:Sch of Pub Pol & Mgt,HBH,1007,A
90452,Applied Statistics for Public Policy,9.0,Friday,01:30PM,02:50PM,"Pittsburgh, Pennsylvania",NA,Public Policy & Mgt:Sch of Pub Pol & Mgt,HBH,1007,NA
90454,Applied Economics,9.0,Monday Wednesday,10:00AM,11:50AM,"Pittsburgh, Pennsylvania",Benedict,Public Policy & Mgt:Sch of Pub Pol & Mgt,HBH,1007,A
90454,Applied Economics,9.0,Friday,10:00AM,11:20AM,"Pittsburgh, Pennsylvania",NA,Public Policy & Mgt:Sch of Pub Pol & Mgt,HBH,1007,NA
90471,Poverty and Social Policies,6.0,Tuesday Thursday,10:00AM,11:20AM,"Pittsburgh, Pennsylvania",Borzutzky,Public Policy & Mgt:Sch of Pub Pol & Mgt,HBH,1007,A
90490,Independent Study,VAR,Schedule will be added,NA,NA,"Pittsburgh, Pennsylvania",Instructor TBA,Public Policy & Mgt:Sch of Pub Pol & Mgt,TBA,,A
90701,Practicum,1-36,Schedule will be added,NA,NA,"Pittsburgh, Pennsylvania",Instructor TBA,Public Policy & Mgt:Sch of Pub Pol & Mgt,TBA,,A
90900,Internship,0.0,Schedule will be added,NA,NA,"Pittsburgh, Pennsylvania",Instructor TBA,Public Policy & Mgt:Sch of Pub Pol & Mgt,TBA,,R
90925,Ph.D. Readings and Research,1-36,Schedule will be added,NA,NA,"Pittsburgh, Pennsylvania",Gaynor,Public Policy & Mgt:Sch of Pub Pol & Mgt,DNM,DNM,R
90932,Independent Study,1-24,Schedule will be added,NA,NA,"Pittsburgh, Pennsylvania",Borzutzky,Public Policy & Mgt:Sch of Pub Pol & Mgt,DNM,DNM,A
90934,Independent Study,1-12,Schedule will be added,NA,NA,"Pittsburgh, Pennsylvania",Borzutzky,Public Policy & Mgt:Sch of Pub Pol & Mgt,DNM,DNM,A
90935,Independent Study,6.0,Schedule will be added,NA,NA,"Pittsburgh, Pennsylvania",Padman,Public Policy & Mgt:Sch of Pub Pol & Mgt,DNM,DNM,A
90936,Independent Study,1-12,Schedule will be added,NA,NA,"Pittsburgh, Pennsylvania",Kurland,Public Policy & Mgt:Sch of Pub Pol & Mgt,DNM,DNM,A
90937,Independent Study,1-12,Schedule will be added,NA,NA,"Pittsburgh, Pennsylvania",Crawford,Public Policy & Mgt:Sch of Pub Pol & Mgt,DNM,DNM,A
90938,Independent Study,1-12,Schedule will be added,NA,NA,"Pittsburgh, Pennsylvania",Instructor TBA,Public Policy & Mgt:Sch of Pub Pol & Mgt,DNM,DNM,A
90939,Independent Study,1-12,Schedule will be added,NA,NA,"Pittsburgh, Pennsylvania",Instructor TBA,Public Policy & Mgt:Sch of Pub Pol & Mgt,DNM,DNM,A
90940,Independent Study,1-36,Schedule will be added,NA,NA,"Pittsburgh, Pennsylvania",Instructor TBA,Public Policy & Mgt:Sch of Pub Pol & Mgt,DNM,DNM,A
90941,Independent Study,6.0,Schedule will be added,NA,NA,"Pittsburgh, Pennsylvania",Instructor TBA,Public Policy & Mgt:Sch of Pub Pol & Mgt,DNM,DNM,A
90942,Independent Study,1-24,Schedule will be added,NA,NA,"Pittsburgh, Pennsylvania",Instructor TBA,Public Policy & Mgt:Sch of Pub Pol & Mgt,DNM,DNM,A
90943,Independent Study,1-12,Schedule will be added,NA,NA,"Pittsburgh, Pennsylvania",Instructor TBA,Public Policy & Mgt:Sch of Pub Pol & Mgt,TBA,,A
16597,Undergraduate Reading and Research,0-48,Schedule will be added,NA,NA,"Pittsburgh, Pennsylvania",Riviere,Robotics,DNM,DNM,A
16991,Internship:,3-36,Day not scheduled,NA,NA,NA,NA,Robotics,NA,,NA
16991,TBA,3-36,Schedule will be added,NA,NA,"Pittsburgh, Pennsylvania",Dolan,Robotics,DNM,DNM,A
16991,Internship:,3-36,Day not scheduled,NA,NA,NA,NA,Robotics,NA,,NA
16991,TBA,3-36,Schedule will be added,NA,NA,"Pittsburgh, Pennsylvania",Kaess,Robotics,DNM,DNM,B
16991,TBA,3-36,Schedule will be added,NA,NA,"Pittsburgh, Pennsylvania",Instructor TBA,Robotics,DNM,DNM,R
16995,Independent Study,0-36,Schedule will be added,NA,NA,"Pittsburgh, Pennsylvania",Wettergreen,Robotics,DNM,DNM,A
16997,Reading and Research in Robotics,0-48,Schedule will be added,NA,NA,"Pittsburgh, Pennsylvania",Wettergreen,Robotics,DNM,DNM,R
88398,Independent Study,1-18,Schedule will be added,NA,NA,"Pittsburgh, Pennsylvania",Loewenstein,Social & Decision Sciences,TBA,,S
88398,Independent Study,1-18,Schedule will be added,NA,NA,"Pittsburgh, Pennsylvania",Instructor TBA,Social & Decision Sciences,TBA,,T
88399,Undergraduate Research,1-18,Schedule will be added,NA,NA,"Pittsburgh, Pennsylvania",Broomell,Social & Decision Sciences,DNM,DNM,A
88399,Undergraduate Research,1-18,Schedule will be added,NA,NA,"Pittsburgh, Pennsylvania",Golman,Social & Decision Sciences,DNM,DNM,S
88505,Undergraduate Internship,1-9,Schedule will be added,NA,NA,"Pittsburgh, Pennsylvania","Angermeier, Chapman",Social & Decision Sciences,DNM,DNM,S
88998,Graduate Reading and Research,0-36,Schedule will be added,NA,NA,"Pittsburgh, Pennsylvania",Angermeier,Social & Decision Sciences,TBA,,R
17607,Privacy by Design Practicum,VAR,Schedule will be added,NA,NA,"Pittsburgh, Pennsylvania",Habib,Software & Societal Systems,DNM,DNM,R
17608,Privacy Engineering Independent Study,VAR,Schedule will be added,NA,NA,"Pittsburgh, Pennsylvania",Habib,Software & Societal Systems,DNM,DNM,A
17609,Internship for Privacy Engineering,3.0,Schedule will be added,NA,NA,"Pittsburgh, Pennsylvania",Habib,Software & Societal Systems,DNM,DNM,A
17672,Studio Project II,36.0,Schedule will be added,NA,NA,"Pittsburgh, Pennsylvania",Berardone,Software & Societal Systems,DNM,DNM,A
17679,Thesis Writing for Industrial Software Research,6.0,Wednesday,05:00PM,06:20PM,"Pittsburgh, Pennsylvania","Miranda, Ashok",Software & Societal Systems,DNM,DNM,D
17697,Directed Study:,6.0,Day not scheduled,NA,NA,NA,NA,Software & Societal Systems,NA,,NA
17697,MSE THESIS Research,6.0,Schedule will be added,NA,NA,"Pittsburgh, Pennsylvania",Breaux,Software & Societal Systems,DNM,DNM,D
17699,Independent Study,3-27,Schedule will be added,NA,NA,"Pittsburgh, Pennsylvania",Breaux,Software & Societal Systems,DNM,DNM,A
17699,Independent Study,3-27,Schedule will be added,NA,NA,"Pittsburgh, Pennsylvania",Eppinger,Software & Societal Systems,DNM,DNM,B
17699,Independent Study,3-27,Schedule will be added,NA,NA,"Pittsburgh, Pennsylvania",Breaux,Software & Societal Systems,DNM,DNM,D
17802,Societal Computing Pre-Thesis,6.0,Schedule will be added,NA,NA,"Pittsburgh, Pennsylvania",Carley,Software & Societal Systems,DNM,DNM,A
17802,Societal Computing Pre-Thesis,6.0,Schedule will be added,NA,NA,"Pittsburgh, Pennsylvania",Sadeh,Software & Societal Systems,DNM,DNM,B
17802,Societal Computing Pre-Thesis,6.0,Schedule will be added,NA,NA,"Pittsburgh, Pennsylvania",Herbsleb,Software & Societal Systems,DNM,DNM,C
17802,Societal Computing Pre-Thesis:,6.0,Day not scheduled,NA,NA,NA,NA,Software & Societal Systems,NA,,NA
17802,Societal Computing Pre-Thesis,6.0,Schedule will be added,NA,NA,"Pittsburgh, Pennsylvania",Cranor,Software & Societal Systems,DNM,DNM,D
17802,Societal Computing Pre-Thesis:,6.0,Day not scheduled,NA,NA,NA,NA,Software & Societal Systems,NA,,NA
17802,Societal Computing Pre-Thesis,6.0,Schedule will be added,NA,NA,"Pittsburgh, Pennsylvania",Fang,Software & Societal Systems,DNM,DNM,L
17802,Societal Computing Pre-Thesis:,6.0,Day not scheduled,NA,NA,NA,NA,Software & Societal Systems,NA,,NA
17802,Societal Computing Pre-Thesis,6.0,Schedule will be added,NA,NA,"Pittsburgh, Pennsylvania",Christin,Software & Societal Systems,DNM,DNM,M
17802,Societal Computing Pre-Thesis:,6.0,Day not scheduled,NA,NA,NA,NA,Software & Societal Systems,NA,,NA
17802,Societal Computing Pre-Thesis,6.0,Schedule will be added,NA,NA,"Pittsburgh, Pennsylvania",Vasilescu,Software & Societal Systems,DNM,DNM,O
17802,Societal Computing Pre-Thesis:,6.0,Day not scheduled,NA,NA,NA,NA,Software & Societal Systems,NA,,NA
17802,Societal Computing Pre-Thesis,6.0,Schedule will be added,NA,NA,"Pittsburgh, Pennsylvania",Kolter,Software & Societal Systems,DNM,DNM,P
17802,Societal Computing Pre-Thesis:,6.0,Day not scheduled,NA,NA,NA,NA,Software & Societal Systems,NA,,NA
17802,Societal Computing Pre-Thesis,6.0,Schedule will be added,NA,NA,"Pittsburgh, Pennsylvania",Agarwal,Software & Societal Systems,DNM,DNM,Q
17993,Societal Computing Graduate Reading and Research:,VAR,Day not scheduled,NA,NA,NA,NA,Software & Societal Systems,NA,,NA
17993,TBA,VAR,Schedule will be added,NA,NA,"Pittsburgh, Pennsylvania",Christin,Software & Societal Systems,DNM,DNM,PP
17993,TBA,VAR,Schedule will be added,NA,NA,"Pittsburgh, Pennsylvania",Christin,Software & Societal Systems,TBA,,R
17993,TBA,VAR,Schedule will be added,NA,NA,"Pittsburgh, Pennsylvania",Christin,Software & Societal Systems,DNM,DNM,T
17996,Societal Computing Independent Study,VAR,Schedule will be added,NA,NA,"Pittsburgh, Pennsylvania",Carley,Software & Societal Systems,DNM,DNM,A
17996,Societal Computing Independent Study,VAR,Schedule will be added,NA,NA,"Pittsburgh, Pennsylvania",Sadeh,Software & Societal Systems,DNM,DNM,B
17996,Societal Computing Independent Study,VAR,Schedule will be added,NA,NA,"Pittsburgh, Pennsylvania",Wu,Software & Societal Systems,DNM,DNM,C
17996,Societal Computing Independent Study,VAR,Schedule will be added,NA,NA,"Pittsburgh, Pennsylvania",Cranor,Software & Societal Systems,DNM,DNM,D
17996,Societal Computing Independent Study,VAR,Schedule will be added,NA,NA,"Pittsburgh, Pennsylvania",Fang,Software & Societal Systems,DNM,DNM,L
17996,Societal Computing Independent Study,VAR,Schedule will be added,NA,NA,"Pittsburgh, Pennsylvania",Vasilescu,Software & Societal Systems,DNM,DNM,M
17996,Societal Computing Independent Study,VAR,Schedule will be added,NA,NA,"Pittsburgh, Pennsylvania",Christin,Software & Societal Systems,DNM,DNM,N
17996,Societal Computing Independent Study:,VAR,Day not scheduled,NA,NA,NA,NA,Software & Societal Systems,NA,,NA
17996,SC Independent Study,VAR,Schedule will be added,NA,NA,"Pittsburgh, Pennsylvania",Park,Software & Societal Systems,DNM,DNM,O
17997,Graduate Reading and Research,1-48,Schedule will be added,NA,NA,"Lisbon, Portugal",Kaestner,Software & Societal Systems,DNM,DNM,PP
17997,Graduate Reading and Research,1-48,Schedule will be added,NA,NA,"Pittsburgh, Pennsylvania",Kaestner,Software & Societal Systems,DNM,DNM,R
17997,Graduate Reading and Research,1-48,Schedule will be added,NA,NA,"Pittsburgh, Pennsylvania",Instructor TBA,Software & Societal Systems,DNM,DNM,T
17997,Graduate Reading and Research,1-48,Tuesday Thursday,09:30AM,10:50AM,"Pittsburgh, Pennsylvania",NA,Statistics and Data Science,BH,140A,NA
36225,Introduction to Probability Theory,9.0,Monday Tuesday Wednesday Thursday Friday,11:00AM,12:20PM,"Pittsburgh, Pennsylvania",Instructor TBA,Statistics and Data Science,BH,A36,S
36315,Statistical Graphics and Visualization,9.0,Monday Wednesday Friday,12:30PM,01:50PM,"Pittsburgh, Pennsylvania",Instructor TBA,Statistics and Data Science,PH,226C,S
36315,Statistical Graphics and Visualization,9.0,Tuesday Thursday,12:30PM,01:50PM,"Pittsburgh, Pennsylvania",NA,Statistics and Data Science,BH,140A,NA
36495,Independent Study,0-36,Schedule will be added,NA,NA,"Pittsburgh, Pennsylvania",Instructor TBA,Statistics and Data Science,DNM,DNM,A
36495,Independent Study,0-36,Schedule will be added,NA,NA,"Pittsburgh, Pennsylvania",Instructor TBA,Statistics and Data Science,DNM,DNM,B
36495,Independent Study,0-36,Schedule will be added,NA,NA,"Pittsburgh, Pennsylvania",Instructor TBA,Statistics and Data Science,TBA,,S
36995,Reading and Research,1-48,Schedule will be added,NA,NA,"Pittsburgh, Pennsylvania","Lee, Ventura",Statistics and Data Science,DNM,DNM,R
